<?xml version="1.0" encoding="windows-1251"?>
<string_table>
	<!-- Package -->
	<string id="igi_task_text_pda_package">
		<text>Este paquete puede que contenga cosas valiosas. tengo curiosidad de saber que hay dentro.</text>
	</string>
	<string id="igi_task_text_gt_package_artifact">
		<text>Artefacto</text>
	</string>
	<string id="igi_task_text_gt_package_weapon">
		<text>Arma</text>
	</string>
	<string id="igi_task_text_gt_package_medicine">
		<text>Medicina</text>
	</string>
	<string id="igi_task_text_gt_package_ammunition">
		<text>Municion</text>
	</string>
	
</string_table>