<?xml version="1.0" encoding="windows-1251"?>
<string_table>
	<string id="totaliz_pre_0">
		<text>&#191;Y ahora qu&#233;?</text>
	</string>
	<string id="totaliz_pre_1">
		<text>&#161;Veo que has ganado una gran reputaci&#243;n en la arena, lo que significa que ahora puedes hacer apuestas y ver peleas! A la par de todos los grandes prestamistas, considera esto como mi regalo por ser un gran luchador. Las apuestas no ser&#225;n mucho para ti, comenzando desde uno de los grandes hasta cinco, y tu premio depender&#225; del n&#250;mero de participantes, ganadores y perdedores. En pocas palabras, puedes ganar desde el 40% de tu apuesta hasta el triple de lo que has dado.</text>
	</string>

	<string id="totaliz_begin_0">
		<text>Quiero ver una pelea.</text>
	</string>
	<string id="totaliz_begin_1">
		<text>Elije lo que quieres ver.</text>
	</string>
	<string id="totaliz_begin_2">
		<text>Stalker versus stalker.</text>
	</string>
	<string id="totaliz_begin_6">
		<text>Mira lo que tengo.</text>
	</string>

		<string id="totaliz_begin_9">
			<text>Dos stalkers.</text>
		</string>
		<string id="totaliz_begin_21">
			<text>&#191;A qui&#233;n apuestas?</text>
		</string>
		<string id="totaliz_begin_32">
			<text>Stalkers de la izquierda.</text>
		</string>
		<string id="totaliz_begin_33">
			<text>Stalkers de la derecha.</text>
		</string>

	<string id="totaliz_begin_10">
		<text>Grupo de stalkers contra un grupo de bandidos.</text>
	</string>

		<string id="totaliz_begin_22">
			<text>&#191;A qui&#233;n apuestas?</text>
		</string>
		<string id="totaliz_begin_34">
			<text>Al grupo de stalkers.</text>
		</string>
		<string id="totaliz_begin_35">
			<text>Al grupo de bandidos.</text>
		</string>

	<string id="totaliz_begin_11">
		<text>Deber contra un Libertad cautivo.</text>
	</string>

		<string id="totaliz_begin_23">
			<text>&#191;A qui&#233;n apuestas?</text>
		</string>
		<string id="totaliz_begin_36">
			<text>Al miembro de Deber.</text>
		</string>
		<string id="totaliz_begin_37">
			<text>Al de Libertad.</text>
		</string>

	<string id="totaliz_begin_12">
		<text>Soldado contra stalker.</text>
	</string>

		<string id="totaliz_begin_24">
			<text>&#191;A qui&#233;n apuestas?</text>
		</string>
		<string id="totaliz_begin_38">
			<text>Al soldado.</text>
		</string>
		<string id="totaliz_begin_39">
			<text>Al stalker.</text>
		</string>

	<string id="totaliz_begin_3">
		<text>Un stalker contra un mutante.</text>
	</string>

		<string id="totaliz_begin_7">
			<text>Mira lo que tengo.</text>
		</string>
		<string id="totaliz_begin_13">
			<text>Un stalker y pseudoperro.</text>
		</string>
		<string id="totaliz_begin_25">
			<text>&#191;A qui&#233;n apuestas?</text>
		</string>
		<string id="totaliz_begin_40">
			<text>Al stalker.</text>
		</string>
		<string id="totaliz_begin_41">
			<text>El pseudoperro.</text>
		</string>

	<string id="totaliz_begin_14">
		<text>Miembro Deber contra un grupo de zombis.</text>
	</string>

		<string id="totaliz_begin_26">
			<text>&#191;A qui&#233;n apuestas?</text>
		</string>
		<string id="totaliz_begin_42">
			<text>Al miembro de Deber.</text>
		</string>
		<string id="totaliz_begin_43">
			<text>Zombies.</text>
		</string>

	<string id="totaliz_begin_15">
		<text>Un par de bandidos contra un chupasangre.</text>
	</string>

		<string id="totaliz_begin_27">
			<text>&#191;A qui&#233;n apuestas?</text>
		</string>
		<string id="totaliz_begin_44">
			<text>Los bandidos.</text>
		</string>
		<string id="totaliz_begin_45">
			<text>El chupasangre.</text>
		</string>

	<string id="totaliz_begin_16">
		<text>Un par de soldados contra un Quemador.</text>
	</string>

		<string id="totaliz_begin_28">
			<text>&#191;A qui&#233;n apuestas?</text>
		</string>
		<string id="totaliz_begin_46">
			<text>A los soldados.</text>
		</string>
		<string id="totaliz_begin_47">
			<text>Al Quemador.</text>
		</string>

	<string id="totaliz_begin_4">
		<text>Mutante contra mutante.</text>
	</string>

		<string id="totaliz_begin_8">
			<text>Mira lo que tengo.</text>
		</string>
		<string id="totaliz_begin_17">
			<text>Snork contra snork.</text>
		</string>
		<string id="totaliz_begin_29">
			<text>&#191;A qui&#233;n apuestas?</text>
		</string>
		<string id="totaliz_begin_48">
			<text>Al snork de la izquierda.</text>
		</string>
		<string id="totaliz_begin_49">
			<text>Al snorl de la derecha.</text>
		</string>

	<string id="totaliz_begin_18">
		<text>Chupasangre contra chupasangre.</text>
	</string>

		<string id="totaliz_begin_30">
			<text>&#191;A qui&#233;n apuestas?</text>
		</string>
		<string id="totaliz_begin_50">
			<text>Al chupasangre de la izquierda.</text>
		</string>
		<string id="totaliz_begin_51">
			<text>El chupasangre de la derecha.</text>
		</string>

	<string id="totaliz_begin_19">
		<text>Quimera contra quimera.</text>
	</string>

		<string id="totaliz_begin_31">
			<text>&#191;A qui&#233;n apuestas?</text>
		</string>
		<string id="totaliz_begin_52">
			<text>A la quimera de la izquierda.</text>
		</string>
		<string id="totaliz_begin_53">
			<text>A la quimera de la derecha.</text>
		</string>

	<string id="totaliz_begin_54">
		<text>&#191;Cu&#225;nto apostar&#225;s?</text>
	</string>

		<string id="totaliz_begin_55">
			<text>Mil.</text>
		</string>
		<string id="totaliz_begin_56">
			<text>Dos mil quinientos.</text>
		</string>
		<string id="totaliz_begin_57">
			<text>Cinco mil.</text>
		</string>
		<string id="totaliz_begin_58">
			<text>No tengo tanto dinero.</text>
		</string>

	<string id="totaliz_begin_20">
		<text>No me interesa.</text>
	</string>
	<string id="totaliz_begin_5">
		<text>He cambiado de opini&#243;n.</text>
	</string>

	<string id="total_reward_dialog_1000_0">
		<text>&#191;Tienes el dinero?</text>
	</string>
	<string id="total_reward_dialog_1000_1">
		<text>Qu&#233;date con tu premio.</text>
	</string>
	<string id="total_reward_dialog_1000_2">
		<text>Qu&#233;date con tu premio.</text>
	</string>
	<string id="total_reward_dialog_1000_3">
		<text>Qu&#233;date con tu premio.</text>
	</string>
	<string id="total_reward_dialog_1000_4">
		<text>Qu&#233;date con tu premio.</text>
	</string>
	<string id="total_reward_dialog_1000_5">
		<text>Qu&#233;date con tu premio.</text>
	</string>
	<string id="total_reward_dialog_1000_6">
		<text>Qu&#233;date con tu premio.</text>
	</string>
	<string id="total_reward_dialog_1000_7">
		<text>Qu&#233;date con tu premio.</text>
	</string>
	<string id="total_reward_dialog_1000_8">
		<text>Qu&#233;date con tu premio.</text>
	</string>
	<string id="total_reward_dialog_1000_9">
		<text>Qu&#233;date con tu premio.</text>
	</string>
	<string id="total_reward_dialog_1000_10">
		<text>Qu&#233;date con tu premio.</text>
	</string>
	<string id="total_reward_dialog_1000_11">
		<text>Qu&#233;date con tu premio.</text>
	</string>
	<string id="total_reward_dialog_1000_12">
		<text>Qu&#233;date con tu premio.</text>
	</string>
	<string id="total_reward_dialog_1000_13">
		<text>Qu&#233;date con tu premio.</text>
	</string>
	<string id="total_reward_dialog_1000_14">
		<text>Qu&#233;date con tu premio.</text>
	</string>
	<string id="total_reward_dialog_1000_15">
		<text>Qu&#233;date con tu premio.</text>
	</string>
	<string id="total_reward_dialog_1000_16">
		<text>Qu&#233;date con tu premio.</text>
	</string>
	<string id="total_reward_dialog_1000_17">
		<text>Qu&#233;date con tu premio.</text>
	</string>
	<string id="total_reward_dialog_1000_18">
		<text>Qu&#233;date con tu premio.</text>
	</string>
	<string id="total_reward_dialog_1000_19">
		<text>Qu&#233;date con tu premio.</text>
	</string>
	<string id="total_reward_dialog_1000_20">
		<text>Qu&#233;date con tu premio.</text>
	</string>
	<string id="total_reward_dialog_1000_21">
		<text>Qu&#233;date con tu premio.</text>
	</string>
	<string id="total_reward_dialog_1000_22">
		<text>Qu&#233;date con tu premio.</text>
	</string>
	<string id="total_reward_dialog_1000_23">
		<text>Nada. Has perdido.</text>
	</string>
	<string id="total_reward_dialog_1000_24">
		<text>Nada. Has perdido.</text>
	</string>
	<string id="total_reward_dialog_1000_25">
		<text>Nada. Has perdido.</text>
	</string>
	<string id="total_reward_dialog_1000_26">
		<text>Nada. Has perdido.</text>
	</string>
	<string id="total_reward_dialog_1000_27">
		<text>Nada. Has perdido.</text>
	</string>
	<string id="total_reward_dialog_1000_28">
		<text>Nada. Has perdido.</text>
	</string>
	<string id="total_reward_dialog_1000_29">
		<text>Nada. Has perdido.</text>
	</string>
	<string id="total_reward_dialog_1000_30">
		<text>Nada. Has perdido.</text>
	</string>
	<string id="total_reward_dialog_1000_31">
		<text>Nada. Has perdido.</text>
	</string>
	<string id="total_reward_dialog_1000_32">
		<text>Nada. Has perdido.</text>
	</string>
	<string id="total_reward_dialog_1000_33">
		<text>Nada. Has perdido.</text>
	</string>
	<string id="total_reward_dialog_1000_34">
		<text>Nada. Has perdido.</text>
	</string>
	<string id="total_reward_dialog_1000_35">
		<text>Nada. Has perdido.</text>
	</string>
	<string id="total_reward_dialog_1000_36">
		<text>Nada. Has perdido.</text>
	</string>
	<string id="total_reward_dialog_1000_37">
		<text>Nada. Has perdido.</text>
	</string>
	<string id="total_reward_dialog_1000_38">
		<text>Nada. Has perdido.</text>
	</string>

	<string id="total_reward_dialog_2500_0">
		<text>&#191;Y el dinero?</text>
	</string>
	<string id="total_reward_dialog_2500_1">
		<text>Qu&#233;date con tu premio.</text>
	</string>
	<string id="total_reward_dialog_2500_2">
		<text>Qu&#233;date con tu premio.</text>
	</string>
	<string id="total_reward_dialog_2500_3">
		<text>Qu&#233;date con tu premio.</text>
	</string>
	<string id="total_reward_dialog_2500_4">
		<text>Qu&#233;date con tu premio.</text>
	</string>
	<string id="total_reward_dialog_2500_5">
		<text>Qu&#233;date con tu premio.</text>
	</string>
	<string id="total_reward_dialog_2500_6">
		<text>Qu&#233;date con tu premio.</text>
	</string>
	<string id="total_reward_dialog_2500_7">
		<text>Qu&#233;date con tu premio.</text>
	</string>
	<string id="total_reward_dialog_2500_8">
		<text>Qu&#233;date con tu premio.</text>
	</string>
	<string id="total_reward_dialog_2500_9">
		<text>Qu&#233;date con tu premio.</text>
	</string>
	<string id="total_reward_dialog_2500_10">
		<text>Qu&#233;date con tu premio.</text>
	</string>
	<string id="total_reward_dialog_2500_11">
		<text>Qu&#233;date con tu premio.</text>
	</string>
	<string id="total_reward_dialog_2500_12">
		<text>Qu&#233;date con tu premio.</text>
	</string>
	<string id="total_reward_dialog_2500_13">
		<text>Qu&#233;date con tu premio.</text>
	</string>
	<string id="total_reward_dialog_2500_14">
		<text>Qu&#233;date con tu premio.</text>
	</string>
	<string id="total_reward_dialog_2500_15">
		<text>Qu&#233;date con tu premio.</text>
	</string>
	<string id="total_reward_dialog_2500_16">
		<text>Qu&#233;date con tu premio.</text>
	</string>
	<string id="total_reward_dialog_2500_17">
		<text>Qu&#233;date con tu premio.</text>
	</string>
	<string id="total_reward_dialog_2500_18">
		<text>Qu&#233;date con tu premio.</text>
	</string>
	<string id="total_reward_dialog_2500_19">
		<text>Qu&#233;date con tu premio.</text>
	</string>
	<string id="total_reward_dialog_2500_20">
		<text>Qu&#233;date con tu premio.</text>
	</string>
	<string id="total_reward_dialog_2500_21">
		<text>Qu&#233;date con tu premio.</text>
	</string>
	<string id="total_reward_dialog_2500_22">
		<text>Qu&#233;date con tu premio.</text>
	</string>
	<string id="total_reward_dialog_2500_23">
		<text>Nada. Has perdido.</text>
	</string>
	<string id="total_reward_dialog_2500_24">
		<text>Nada. Has perdido.</text>
	</string>
	<string id="total_reward_dialog_2500_25">
		<text>Nada. Has perdido.</text>
	</string>
	<string id="total_reward_dialog_2500_26">
		<text>Nada. Has perdido.</text>
	</string>
	<string id="total_reward_dialog_2500_27">
		<text>Nada. Has perdido.</text>
	</string>
	<string id="total_reward_dialog_2500_28">
		<text>Nada. Has perdido.</text>
	</string>
	<string id="total_reward_dialog_2500_29">
		<text>Nada. Has perdido.</text>
	</string>
	<string id="total_reward_dialog_2500_30">
		<text>Nada. Has perdido.</text>
	</string>
	<string id="total_reward_dialog_2500_31">
		<text>Nada. Has perdido.</text>
	</string>
	<string id="total_reward_dialog_2500_32">
		<text>Nada. Has perdido.</text>
	</string>
	<string id="total_reward_dialog_2500_33">
		<text>Nada. Has perdido.</text>
	</string>
	<string id="total_reward_dialog_2500_34">
		<text>Nada. Has perdido.</text>
	</string>
	<string id="total_reward_dialog_2500_35">
		<text>Nada. Has perdido.</text>
	</string>
	<string id="total_reward_dialog_2500_36">
		<text>Nada. Has perdido.</text>
	</string>
	<string id="total_reward_dialog_2500_37">
		<text>Nada. Has perdido.</text>
	</string>
	<string id="total_reward_dialog_2500_38">
		<text>Nada. Has perdido.</text>
	</string>

	<string id="total_reward_dialog_5000_0">
		<text>&#191;Y el dinero?</text>
	</string>
	<string id="total_reward_dialog_5000_1">
		<text>Qu&#233;date con tu premio.</text>
	</string>
	<string id="total_reward_dialog_5000_2">
		<text>Qu&#233;date con tu premio.</text>
	</string>
	<string id="total_reward_dialog_5000_3">
		<text>Qu&#233;date con tu premio.</text>
	</string>
	<string id="total_reward_dialog_5000_4">
		<text>Qu&#233;date con tu premio.</text>
	</string>
	<string id="total_reward_dialog_5000_5">
		<text>Qu&#233;date con tu premio.</text>
	</string>
	<string id="total_reward_dialog_5000_6">
		<text>Qu&#233;date con tu premio.</text>
	</string>
	<string id="total_reward_dialog_5000_7">
		<text>Qu&#233;date con tu premio.</text>
	</string>
	<string id="total_reward_dialog_5000_8">
		<text>Qu&#233;date con tu premio.</text>
	</string>
	<string id="total_reward_dialog_5000_9">
		<text>Qu&#233;date con tu premio.</text>
	</string>
	<string id="total_reward_dialog_5000_10">
		<text>Qu&#233;date con tu premio.</text>
	</string>
	<string id="total_reward_dialog_5000_11">
		<text>Qu&#233;date con tu premio.</text>
	</string>
	<string id="total_reward_dialog_5000_12">
		<text>Qu&#233;date con tu premio.</text>
	</string>
	<string id="total_reward_dialog_5000_13">
		<text>Qu&#233;date con tu premio.</text>
	</string>
	<string id="total_reward_dialog_5000_14">
		<text>Qu&#233;date con tu premio.</text>
	</string>
	<string id="total_reward_dialog_5000_15">
		<text>Qu&#233;date con tu premio.</text>
	</string>
	<string id="total_reward_dialog_5000_16">
		<text>Qu&#233;date con tu premio.</text>
	</string>
	<string id="total_reward_dialog_5000_17">
		<text>Qu&#233;date con tu premio.</text>
	</string>
	<string id="total_reward_dialog_5000_18">
		<text>Qu&#233;date con tu premio.</text>
	</string>
	<string id="total_reward_dialog_5000_19">
		<text>Qu&#233;date con tu premio.</text>
	</string>
	<string id="total_reward_dialog_5000_20">
		<text>Qu&#233;date con tu premio.</text>
	</string>
	<string id="total_reward_dialog_5000_21">
		<text>Qu&#233;date con tu premio.</text>
	</string>
	<string id="total_reward_dialog_5000_22">
		<text>Qu&#233;date con tu premio.</text>
	</string>
	<string id="total_reward_dialog_5000_23">
		<text>Qu&#233;date con tu premio.</text>
	</string>
	<string id="total_reward_dialog_5000_24">
		<text>Qu&#233;date con tu premio.</text>
	</string>
	<string id="total_reward_dialog_5000_25">
		<text>Qu&#233;date con tu premio.</text>
	</string>
	<string id="total_reward_dialog_5000_26">
		<text>Qu&#233;date con tu premio.</text>
	</string>
	<string id="total_reward_dialog_5000_27">
		<text>Qu&#233;date con tu premio.</text>
	</string>
	<string id="total_reward_dialog_5000_28">
		<text>Qu&#233;date con tu premio.</text>
	</string>
	<string id="total_reward_dialog_5000_29">
		<text>Qu&#233;date con tu premio.</text>
	</string>
	<string id="total_reward_dialog_5000_30">
		<text>Qu&#233;date con tu premio.</text>
	</string>
	<string id="total_reward_dialog_5000_31">
		<text>Qu&#233;date con tu premio.</text>
	</string>
	<string id="total_reward_dialog_5000_32">
		<text>Qu&#233;date con tu premio.</text>
	</string>
	<string id="total_reward_dialog_5000_33">
		<text>Qu&#233;date con tu premio.</text>
	</string>
	<string id="total_reward_dialog_5000_34">
		<text>Qu&#233;date con tu premio.</text>
	</string>
	<string id="total_reward_dialog_5000_35">
		<text>Qu&#233;date con tu premio.</text>
	</string>
	<string id="total_reward_dialog_5000_36">
		<text>Qu&#233;date con tu premio.</text>
	</string>
	<string id="total_reward_dialog_5000_37">
		<text>Qu&#233;date con tu premio.</text>
	</string>
	<string id="total_reward_dialog_5000_38">
		<text>Qu&#233;date con tu premio.</text>
	</string>
</string_table>
