<?xml version="1.0" encoding="windows-1251"?>
<string_table>
	<string id="exchanging_items_phr_0">
		<text>Hey, hombre, veamos quien tiene mas cosas.</text>
	</string>
	<string id="exchanging_items_phr_1">
		<text>Si, intercambiemos mercancias. Esto es lo que tengo para ofrecerte.</text>
	</string>
	<string id="exchanging_items_phr_2">
		<text>Quiero el artefacto...</text>
	</string>
	<string id="exchanging_items_phr_3">
		<text>Quiero el traje...</text>
	</string>
	<string id="exchanging_items_phr_4">
		<text>Quiero el art&#237;culo...</text>
	</string>
	<string id="exchanging_items_phr_5">
		<text>Quiero el arma...</text>
	</string>
	<string id="exchanging_items_phr_6">
		<text>Bien. Y a cambio, pillare esto.</text>
	</string>
	<string id="exchanging_items_phr_7">
		<text>No creo que tengamos mucho de que hablar, ya que realmente no tienes nada que valga la pena para mi. Vuelve cuando tengas mas dinero.</text>
	</string>
	<string id="exchanging_items_phr_8">
		<text>Bien, intercambiemos.</text>
	</string>
	<string id="exchanging_items_phr_9">
		<text>He cambiado de opinion sobre el intercambio.</text>
	</string>
	<string id="exchanging_items_phr_10">
		<text>Tu sabras.</text>
	</string>
</string_table>
