<?xml version="1.0" encoding="windows-1251"?>
<string_table>
	<!-- Communities -->
	<string id="ui_st_community">
		<text>Facci&#243;n</text>
	</string>

	<!-- Actor Factions -->
	<string id="actor">
		<text>Solitario</text>
	</string>
	<string id="actor_army">
		<text>Militar</text>
	</string>
	<string id="actor_bandit">
		<text>Bandido</text>
	</string>
	<string id="actor_csky">
		<text>Cielo Despejado</text>
	</string>
	<string id="actor_dolg">
		<text>Deber</text>
	</string>
	<string id="actor_ecolog">
		<text>Ecologista</text>
	</string>
	<string id="actor_freedom">
		<text>Libertad</text>
	</string>
	<string id="actor_killer">
		<text>Mercenario</text>
	</string>
	<string id="actor_monolith">
		<text>Monolito</text>
	</string>
	<string id="actor_monster">
		<text>Mutante</text>
	</string>
	<string id="actor_stalker">
		<text>Solitario</text>
	</string>
	<string id="actor_renegade">
		<text>Renegado</text>
	</string>
	<string id="actor_greh">
		<text>Pecado</text>
	</string>
	<string id="actor_isg">
		<text>UNISG</text>
	</string>
	<string id="actor_zombied">
		<text>Zombificado</text>
	</string>

	<string id="army">
		<text>Militar</text>
	</string>
	<string id="bandit">
		<text>Bandido</text>
	</string>
	<string id="csky">
		<text>Cielo Despejado</text>
	</string>
	<string id="dolg">
		<text>Deber</text>
	</string>
	<string id="ecolog">
		<text>Ecologista</text>
	</string>
	<string id="freedom">
		<text>Libertad</text>
	</string>
	<string id="killer">
		<text>Mercenario</text>
	</string>
	<string id="monolith">
		<text>Monolito</text>
	</string>
	<string id="monster">
		<text>Mutante</text>
	</string>
	<string id="zombied">
		<text>Zombificado</text>
	</string>
	<string id="greh">
		<text>Pecado</text>
	</string>
	<string id="isg">
		<text>UNISG</text>
	</string>
	<string id="renegade">
		<text>Renegado</text>
	</string>
	<string id="greh_npc">
		<text>Pecado</text>
	</string>
	<string id="army_npc">
		<text>SSU</text>
	</string>

	<!-- Goodwill -->
	<string id="ui_st_relation">
		<text>Relaci&#243;n</text>
	</string>
	<string id="st_goodwill_enemy">
		<text>Enemigo</text>
	</string>
	<string id="st_goodwill_indifferent">
		<text>Neutral</text>
	</string>
	<string id="st_goodwill_friendly">
		<text>Aliado</text>
	</string>

	<!-- Ranks -->
	<string id="ui_st_rank">
		<text>Rango</text>
	</string>
	<string id="st_rank_novice">
		<text>Novato</text>
	</string>
	<string id="st_rank_trainee">
		<text>Aprendiz</text>
	</string>
	<string id="st_rank_experienced">
		<text>Experimentado</text>
	</string>
	<string id="st_rank_professional">
		<text>Profesional</text>
	</string>
	<string id="st_rank_veteran">
		<text>Veterano</text>
	</string>
	<string id="st_rank_expert">
		<text>Experto</text>
	</string>
	<string id="st_rank_master">
		<text>Dominar</text>
	</string>
	<string id="st_rank_legend">
		<text>Leyenda</text>
	</string>

	<!-- Reputations -->
	<string id="ui_st_reputation">
		<text>Reputaci&#243;n</text>
	</string>
	<string id="st_reputation_terrible">
		<text>Terrible</text>
	</string>
	<string id="st_reputation_really_bad">
		<text>Triste</text>
	</string>
	<string id="st_reputation_very_bad">
		<text>Horrible</text>
	</string>
	<string id="st_reputation_bad">
		<text> Malo</text>
	</string>
	<string id="st_reputation_neutral">
		<text>Neutral</text>
	</string>
	<string id="st_reputation_good">
		<text>Bueno</text>
	</string>
	<string id="st_reputation_very_good">
		<text>Excelente</text>
	</string>
	<string id="st_reputation_really_good">
		<text>Brillante</text>
	</string>
	<string id="st_reputation_excellent">
		<text>Excelente</text>
	</string>

	<!-- Notifications -->
	<string id="st_rank_increased">
		<text>Tu rango ha mejorado.</text>
	</string>
	<string id="st_rank_decreased">
		<text>Tu rango ha empeorado.</text>
	</string>
	<string id="st_reputation_increased">
		<text>Tu reputaci&#243;n ha mejorado.</text>
	</string>
	<string id="st_reputation_decreased">
		<text>Tu reputaci&#243;n ha empeorado</text>
	</string>
	
	<!-- Dynamic Relations - News building -->
    <string id="st_relations_and">
        <text>y</text>
    </string>
    <string id="st_relations_declared_war">
        <text>facciones se han declarado la guerra.</text>
    </string>
    <string id="st_relations_alliance">
        <text>facciones han formado una alianza.</text>
    </string>
    <string id="st_relations_deteriorating">
        <text> las relaciones se deterioran.</text>
    </string>
    <string id="st_relations_cease_fire">
        <text>facciones han declarado un alto el fuego.</text>
    </string>
	
	<!-- Dynamic Relations - Goodwill-->
	<string id="st_ui_goodwill_name">
        <text>Buena Voluntad</text>
    </string>
	<string id="st_ui_goodwill_5">
        <text>Maximo</text>
    </string>
	<string id="st_ui_goodwill_4">
        <text>Mayor</text>
    </string>
	<string id="st_ui_goodwill_3">
        <text>Moderada</text>
    </string>
	<string id="st_ui_goodwill_2">
        <text>Menor</text>
    </string>
	<string id="st_ui_goodwill_1">
        <text>M&#237;nima</text>
    </string>
	
</string_table>
