<?xml version="1.0" encoding="windows-1251"?>

<!--===========================================================
<
< TEXT  STRINGS FOR TASKS ON RADAR MAP
<	CoC 1.3.11
<
<	Modified by: DoctorX
<	March 18, 2016
<
<===========================================================-->

<string_table>


	<!-- TURN OFF BRAIN SCORCHER TASK -->
	<string id="bar_radar_deactivate_name">
		<text>Deshabilitar el Cauterizador Cerebral </text>
	</string>
	<string id="bar_radar_deactivate_text">
		<text>Un Monolito resurgente ha reiniciado el Cauterizador. Se requiere un equipo avanzado de protecci&#243;n psi para desactivarlo.</text>
	</string>


</string_table>
