<?xml version="1.0" encoding="windows-1251"?>

<string_table>
	<string id="st_rioc_sid_desc">
		<text>Un contenedor sellado que encontraste en un stalker muerto, debe ser el env&#237;o del que hablaba Sidorovich.</text>
	</string>

	<string id="st_rioc_sid">
		<text>Los suministros de Sidorovich</text>
	</string>

	<string id="st_rioc_duty_desc">
		<text>Esta PDA confirma que el soldado desaparecido de Petrenko est&#225; muerto al fin y al cabo. Parece que dio lo mejor que pudo.</text>
	</string>

	<string id="st_rioc_duty">
		<text>PDA de un miembro de Deber muerto</text>
	</string>

	<string id="st_rioc_ecolog_desc">
		<text>Una computadora encerrada en un contenedor reforzado, seg&#250;n los cient&#237;ficos se trata de un prototipo de detector totalmente nuevo destinado a cambiar el mundo de la caza de artefactos. Desafortunadamente ninguno de los gr&#225;ficos y n&#250;meros tienen sentido para ti.</text>
	</string>

	<string id="st_rioc_ecolog">
		<text>Prototipo detector</text>
	</string>

	<string id="esc_m_trader_task_recover_item_on_corpse_d">
		<text>Se supon&#237;a que un stalker me traer&#237;a algunos suministros especiales de otro comerciante pero no he sabido nada de &#233;l durante algunos d&#237;as, al principio pens&#233; que s&#243;lo se hab&#237;a escapado con las cosas pero no ha ocultado su ubicaci&#243;n y tampoco se ha movido durante un tiempo. Tal vez s&#243;lo perdi&#243; su PDA o incluso se muri&#243;, de todos modos necesito que alguien vaya all&#237; y compruebe lo que pas&#243;. Si muri&#243; y por casualidad todav&#237;a tiene las cosas, tr&#225;elas de vuelta.</text>
	</string>

	<string id="esc_m_trader_task_recover_item_on_corpse_t">
		<text>Recupera el env&#237;o de Sidorovich</text>
	</string>

	<string id="yan_stalker_sakharov_task_rioc_t">
		<text>Recupera el prototipo del detector</text>
	</string>

	<string id="yan_stalker_sakharov_task_rioc_d">
		<text>Tenemos un peque&#241;o problema ahora mismo, uno de nuestros equipos sali&#243; a realizar algunos escaneos an&#243;malos pero a&#250;n no ha regresado. Hemos intentado contactar con ellos pero no hemos obtenido ninguna respuesta. Cuando hablamos de esto con el Servicio de Seguridad del Estado, dijeron que no pueden prescindir de los recursos o la mano de obra para ir a buscar a nuestro equipo ahora mismo. Actualmente es algo vital para nuestra investigaci&#243;n. Uno de los miembros del equipo estaba equipado con un prototipo de detector, algo que raramente sacamos de la base para utilizarlo. Si pudieras ir a su &#250;ltima ubicaci&#243;n conocida y encontrar el prototipo o el equipo, te pagaremos por tus servicios. Marcar&#233; la posici&#243;n en tu PDA cuando perdimos el contacto.</text>
	</string>

	<string id="yan_stalker_sakharov_task_rioc_end">
		<text>Gracias a Dios, no sabes lo agradecido que estoy de ver este dispositivo de nuevo en nuestras manos! Perder al equipo fue triste, pero este dispositivo retrasar&#237;a nuestra investigaci&#243;n por casi un a&#241;o. Gracias por tu ayuda, aqu&#237; tienes un pago por tus servicios.</text>
	</string>

	<string id="bar_dolg_general_petrenko_stalker_task_rioc_t">
		<text>Encuentra al Soldado Deber desaparecido</text>
	</string>

	<string id="bar_dolg_general_petrenko_stalker_task_rioc_d">
		<text>Hoy temprano, una patrulla Deber ligera respondi&#243; a una llamada de auxilio de los neutrales. Llegaron a tiempo para evacuar a algunos stalkers y cient&#237;ficos que hab&#237;an sido atacados por mutantes, pero uno de los Debers tuvo que quedarse atr&#225;s para asegurar el escape. El resto de su escuadr&#243;n ahora lo lista como 'desaparecido en acci&#243;n'. Me gustar&#237;a que investigaras el lugar del ataque y confirmaras su estado. Si est&#225; vivo, c&#250;ralo lo mejor que puedas y luego tr&#225;elo de vuelta. Si no puedes salvarlo, trae su PDA; los registros de un m&#225;rtir deben ser guardados para la posteridad.</text>
	</string>

	<string id="bar_dolg_general_petrenko_stalker_task_end">
		<text>&#191;Est&#225; muerto, entonces? Era un buen hombre, pero la Zona puede ser implacable en su odio hacia esa gente. D&#233;jame ver su PDA... mmm, interesante. En nombre de Deber, tienes nuestra gratitud. Toma, te has ganado con creces este pago.</text>
	</string>

	<string id="esc_m_trader_task_recover_item_on_corpse_agroprom_0">
		<text>Encuentra el env&#237;o de Sidorovich</text>
	</string>

	<string id="esc_m_trader_task_recover_item_on_corpse_pol_0">
		<text>Encuentra el env&#237;o de Sidorovich</text>
	</string>

	<string id="esc_m_trader_task_recover_item_on_corpse_garbage_0">
		<text>Encuentra el env&#237;o de Sidorovich</text>
	</string>

	<string id="esc_m_trader_task_recover_item_on_corpse_wt_0">
		<text>Encuentra el env&#237;o de Sidorovich</text>
	</string>

	<string id="esc_m_trader_task_recover_item_on_corpse_aw_0">
		<text>Encuentra el env&#237;o de Sidorovich</text>
	</string>

	<string id="esc_m_trader_task_recover_item_on_corpse_trucc_0">
		<text>Encuentra el env&#237;o de Sidorovich</text>
	</string>

	<string id="esc_m_trader_task_recover_item_on_corpse_agroprom_1">
		<text>Devuelve la caja a Sidorovich</text>
	</string>

	<string id="esc_m_trader_task_recover_item_on_corpse_pol_1">
		<text>Devuelve la caja a Sidorovich</text>
	</string>

	<string id="esc_m_trader_task_recover_item_on_corpse_garbage_1">
		<text>Devuelve la caja a Sidorovich</text>
	</string>

	<string id="esc_m_trader_task_recover_item_on_corpse_wt_1">
		<text>Devuelve la caja a Sidorovich</text>
	</string>

	<string id="esc_m_trader_task_recover_item_on_corpse_aw_1">
		<text>Devuelve la caja a Sidorovich</text>
	</string>

	<string id="esc_m_trader_task_recover_item_on_corpse_trucc_1">
		<text>Devuelve la caja a Sidorovich</text>
	</string>

	<string id="yan_stalker_sakharov_task_rioc_agroprom_0">
		<text>Encuentra el prototipo del detector</text>
	</string>

	<string id="yan_stalker_sakharov_task_rioc_pol_0">
		<text>Encuentra el prototipo del detector</text>
	</string>

	<string id="yan_stalker_sakharov_task_rioc_garbage_0">
		<text>Encuentra el prototipo del detector</text>
	</string>

	<string id="yan_stalker_sakharov_task_rioc_wt_0">
		<text>Encuentra el prototipo del detector</text>
	</string>

	<string id="yan_stalker_sakharov_task_rioc_aw_0">
		<text>Encuentra el prototipo del detector</text>
	</string>

	<string id="yan_stalker_sakharov_task_rioc_trucc_0">
		<text>Encuentra el prototipo del detector</text>
	</string>

	<string id="yan_stalker_sakharov_task_rioc_agroprom_1">
		<text>Devuelve el detector a los cient&#237;ficos</text>
	</string>

	<string id="yan_stalker_sakharov_task_rioc_pol_1">
		<text>Devuelve el detector a los cient&#237;ficos</text>
	</string>

	<string id="yan_stalker_sakharov_task_rioc_garbage_1">
		<text>Devuelve el detector a los cient&#237;ficos</text>
	</string>

	<string id="yan_stalker_sakharov_task_rioc_wt_1">
		<text>Devuelve el detector a los cient&#237;ficos</text>
	</string>

	<string id="yan_stalker_sakharov_task_rioc_aw_1">
		<text>Devuelve el detector a los cient&#237;ficos</text>
	</string>

	<string id="yan_stalker_sakharov_task_rioc_trucc_1">
		<text>Devuelve el detector a los cient&#237;ficos</text>
	</string>

	<string id="bar_dolg_general_petrenko_stalker_task_rioc_agroprom_0">
		<text>Encuentra al Soldado Deber desaparecido</text>
	</string>

	<string id="bar_dolg_general_petrenko_stalker_task_rioc_pol_0">
		<text>Encuentra al Soldado Deber desaparecido</text>
	</string>

	<string id="bar_dolg_general_petrenko_stalker_task_rioc_garbage_0">
		<text>Encuentra al Soldado Deber desaparecido</text>
	</string>

	<string id="bar_dolg_general_petrenko_stalker_task_rioc_wt_0">
		<text>Encuentra al Soldado Deber desaparecido</text>
	</string>

	<string id="bar_dolg_general_petrenko_stalker_task_rioc_aw_0">
		<text>Encuentra al Soldado Deber desaparecido</text>
	</string>

	<string id="bar_dolg_general_petrenko_stalker_task_rioc_trucc_0">
		<text>Encuentra al Soldado Deber desaparecido</text>
	</string>

	<string id="bar_dolg_general_petrenko_stalker_task_rioc_agroprom_1">
		<text>Devuelve el PDA a Petrenko</text>
	</string>

	<string id="bar_dolg_general_petrenko_stalker_task_rioc_pol_1">
		<text>Devuelve el PDA a Petrenko</text>
	</string>

	<string id="bar_dolg_general_petrenko_stalker_task_rioc_garbage_1">
		<text>Devuelve el PDA a Petrenko</text>
	</string>

	<string id="bar_dolg_general_petrenko_stalker_task_rioc_wt_1">
		<text>Devuelve el PDA a Petrenko</text>
	</string>

	<string id="bar_dolg_general_petrenko_stalker_task_rioc_aw_1">
		<text>Devuelve el PDA a Petrenko</text>
	</string>

	<string id="bar_dolg_general_petrenko_stalker_task_rioc_trucc_1">
		<text>Devuelve el PDA a Petrenko</text>
	</string>

</string_table>
