<?xml version="1.0" encoding="windows-1251"?>

<!--===========================================================
<
< TEXT  STRINGS FOR TASKS ON PRIPYAT MAP
<	CoC 1.4.08 - DoctorX Questlines 1.6
<
<	Modified by: DoctorX
<	Last revised: October 07, 2016
<
<===========================================================-->

<string_table>


	<!-- /////////////////////////////////////////////////////////////////////////////////////////////
	<!--
	<!-- STORYLINE TASK TEXT  STRINGS
	<!--
	<!--	Modified by DoctorX
	<!--	for DoctorX Questlines 1.6
	<!--	October 07, 2016
	<!--
	<!-- ----------------------------------------------------------------------------------------- -->

	<!-- ----------------------------------------------------------------------------------------- -->
	<!-- Rabbit (Monolith Trader) Default Storyline Task -->

	<string id="drx_sl_pri_monolith_monolith_trader_stalker_default_task_name">
		<text>Obtener Siguiente Tarea</text>
	</string>
	<string id="drx_sl_pri_monolith_monolith_trader_stalker_default_task_text">
		<text>Recibe tu pr&#243;xima tarea.</text>
	</string>
	<string id="drx_sl_pri_monolith_monolith_trader_stalker_default_task_about">
		<text>Debes encontrarte con uno de los ancianos de Monolito. Ve con &#233;l ahora.</text>
	</string>
	<string id="drx_sl_pri_monolith_monolith_trader_stalker_default_task_finish">
		<text>Buena suerte.</text>
	</string>

	<!-- ----------------------------------------------------------------------------------------- -->
	<!-- Rabbit (Monolith Trader) Destroy the Non-Believers Storyline Task -->

	<string id="drx_sl_pri_monolith_monolith_trader_stalker_task_1_name">
		<text>Destruye a los incredulos</text>
	</string>
	<string id="drx_sl_pri_monolith_monolith_trader_stalker_task_1_text">
		<text>Dirige el ataque Monolito contra los infieles.</text>
	</string>
	<string id="drx_sl_pri_monolith_monolith_trader_stalker_task_1_about">
		<text>Ha llegado el momento, mi hijo. Debes conducir a tus hermanos a la batalla. Lucha ferozmente y no aceptes ninguna rendici&#243;n. Derrota a los infieles por el bien del monolito.</text>
	</string>
	<string id="drx_sl_pri_monolith_monolith_trader_stalker_task_1_finish">
		<text>Excelente trabajo. Eres un bueno en combate.</text>
	</string>

	<!-- ----------------------------------------------------------------------------------------- -->
	<!-- Rabbit (Monolith Trader) Collect Supplies Storyline Task -->

	<string id="drx_sl_pri_monolith_monolith_trader_stalker_task_2_name">
		<text>Recoge %s para Monolito</text>
	</string>
	<string id="drx_sl_pri_monolith_monolith_trader_stalker_task_2_text">
		<text>Conejo me ha pedido que le traiga %s.</text>
	</string>
	<string id="drx_sl_pri_monolith_monolith_trader_stalker_task_2_about">
		<text>Hijo m&#237;o, tus hermanos necesitan que recolectes provisiones.</text>
	</string>
	<string id="drx_sl_pri_monolith_monolith_trader_stalker_task_2_fetch_about">
		<text>Tr&#225;enos %s.</text>
	</string>
	<string id="drx_sl_pri_monolith_monolith_trader_stalker_task_2_fetch_finish">
		<text>Bien hecho.</text>
	</string>

	<!-- ----------------------------------------------------------------------------------------- -->
	<!-- Rabbit (Monolith Trader) Venture into the Zone Storyline Task -->

	<string id="drx_sl_pri_monolith_monolith_trader_stalker_task_3_name">
		<text>Avent&#250;rate en la Zona</text>
	</string>
	<string id="drx_sl_pri_monolith_monolith_trader_stalker_task_3_text">
		<text>Debes demostrar tu val&#237;a al sobrevivir a un viaje a la Zona.</text>
	</string>
	<string id="drx_sl_pri_monolith_monolith_trader_stalker_task_3_about">
		<text>Hijo m&#237;o, debes demostrar tu val&#237;a al todopoderoso Monolito. Debes viajar solo en las profundidades de la Zona. Enfrenta todos los desaf&#237;os que te confrontan. Destruye a todos los enemigos que encuentres. Haz esto por el bien del Monolito.</text>
	</string>
	<string id="drx_sl_pri_monolith_monolith_trader_stalker_task_3_finish">
		<text>Bien hecho, hijo m&#237;o.</text>
	</string>

	<!-- ----------------------------------------------------------------------------------------- -->
	<!-- Cleric (Monolith Mechanic) Default Storyline Task -->

	<string id="drx_sl_pri_monolith_monolith_mechanic_stalker_default_task_name">
		<text>Obtener Siguiente Tarea</text>
	</string>
	<string id="drx_sl_pri_monolith_monolith_mechanic_stalker_default_task_text">
		<text>Recibe tu pr&#243;xima tarea.</text>
	</string>
	<string id="drx_sl_pri_monolith_monolith_mechanic_stalker_default_task_about">
		<text>Hijo m&#237;o, sirves bien al Monolito. Habla con uno de los ancianos y preg&#250;ntale qu&#233; puedes hacer para ayudar a nuestra gran causa.</text>
	</string>
	<string id="drx_sl_pri_monolith_monolith_mechanic_stalker_default_task_finish">
		<text>Buena suerte.</text>
	</string>

	<!-- ----------------------------------------------------------------------------------------- -->
	<!-- Cleric (Monolith Mechanic) Recover Stolen Equipment Storyline Task -->

	<string id="drx_sl_pri_monolith_monolith_mechanic_stalker_task_1_name">
		<text>Recuperar Equipamiento Monolito Robado</text>
	</string>
	<string id="drx_sl_pri_monolith_monolith_mechanic_stalker_task_1_text">
		<text>Un stalkers ha saboteado el Cauterizador. Recupera el equipo que ha quitado</text>
	</string>
	<string id="drx_sl_pri_monolith_monolith_mechanic_stalker_task_1_about">
		<text>Un stalker ha robado una pieza vital del equipo del Cauterizador. Debes recuperarlo por el bien del Todopoderoso Monolito.</text>
	</string>
	<string id="drx_sl_pri_monolith_monolith_mechanic_stalker_task_1_finish">
		<text>Bien hecho.</text>
	</string>

	<!-- ----------------------------------------------------------------------------------------- -->
	<!-- Cleric (Monolith Mechanic) Hunt for Food Storyline Task -->

	<string id="drx_sl_pri_monolith_monolith_mechanic_stalker_task_2_name">
		<text>Cazar por comida</text>
	</string>
	<string id="drx_sl_pri_monolith_monolith_mechanic_stalker_task_2_text">
		<text>Dirige una cacer&#237;a en la Zona para cosechar carne para tus hermanos Monolito.</text>
	</string>
	<string id="drx_sl_pri_monolith_monolith_mechanic_stalker_task_2_about">
		<text>Hijo m&#237;o, debemos reponer nuestras tiendas de alimentos. &#191;Dirigir&#225;s una cacer&#237;a para que tus hermanos puedan festejar?</text>
	</string>
	<string id="drx_sl_pri_monolith_monolith_mechanic_stalker_task_2_finish">
		<text>Todos ustedes han servido bien al Monolito. La carne que has tra&#237;do se servir&#225; en la fiesta de esta noche. Como recompensa, guardaremos los ojos para ti.</text>
	</string>

	<!-- ----------------------------------------------------------------------------------------- -->
	<!-- Cleric (Monolith Mechanic) Monolith Weapon Arsenal Storyline Task -->

	<string id="drx_sl_pri_monolith_monolith_mechanic_stalker_task_3_name">
		<text>Monolito %s Arsenal</text>
	</string>
	<string id="drx_sl_pri_monolith_monolith_mechanic_stalker_task_3_text">
		<text>Clerigo quiere %s para expandir el poderoso arsenal del Monolito.</text>
	</string>
	<string id="drx_sl_pri_monolith_monolith_mechanic_stalker_task_3_about">
		<text>Hijo m&#237;o, debemos construir nuestro poderoso arsenal para poder alcanzar nuestros gloriosos objetivos.</text>
	</string>
	<string id="drx_sl_pri_monolith_monolith_mechanic_stalker_task_3_fetch_about">
		<text>Debes traerme %s. Tu &#233;xito servir&#225; en gran medida a la causa del Monolito.</text>
	</string>
	<string id="drx_sl_pri_monolith_monolith_mechanic_stalker_task_3_fetch_finish">
		<text>Bien hecho, hijo m&#237;o.</text>
	</string>

	<!-- ----------------------------------------------------------------------------------------- -->
	<!-- Olivar (Monolith Trader) Default Storyline Task -->

	<string id="drx_sl_trader_monolith_kbo_default_task_name">
		<text>Obtener Siguiente Tarea</text>
	</string>
	<string id="drx_sl_trader_monolith_kbo_default_task_text">
		<text>Recibe tu pr&#243;xima tarea.</text>
	</string>
	<string id="drx_sl_trader_monolith_kbo_default_task_about">
		<text>Debes reunirte con uno de los l&#237;deres del Monolito. Ve con &#233;l ahora.</text>
	</string>
	<string id="drx_sl_trader_monolith_kbo_default_task_finish">
		<text>Buena suerte.</text>
	</string>
	

	<!-- Olivar (Monolith Trader) Eliminate the Intruders Storyline Task -->

	<string id="drx_sl_trader_monolith_kbo_task_1_name">
		<text>Eliminar a los Intrusos</text>
	</string>
	<string id="drx_sl_trader_monolith_kbo_task_1_text">
		<text>Olivar te inform&#243; sobre un grupo de intrusos. Deben ser eliminados a cualquier precio.</text>
	</string>
	<string id="drx_sl_trader_monolith_kbo_task_1_about">
		<text>Un grupo de intrusos ha sido visto en la zona. No podemos dejar que sobrevivan. Elim&#237;nalos.</text>
	</string>
	<string id="drx_sl_trader_monolith_kbo_task_1_finish">
		<text>Bien hecho. Te has probado a ti mismo.</text>
	</string>
	

	<!-- Olivar (Monolith Trader) Investigate the Scouts' Location Storyline Task -->

	<string id="drx_sl_trader_monolith_kbo_task_2_name">
		<text>Investigar la Ubicaci&#243;n de los Exploradores</text>
	</string>
	<string id="drx_sl_trader_monolith_kbo_task_2_text">
		<text>Olivar te encarg&#243; que encontraras a los exploradores desaparecidos</text>
	</string>
	<string id="drx_sl_trader_monolith_kbo_task_2_text_0">
		<text>Olivar te encarg&#243; que encontraras a los exploradores desaparecidos, pero se requiere $item_1 para buscarlos.</text>
	</string>
	<string id="drx_sl_trader_monolith_kbo_task_2_text_1">
		<text>Olivar te encarg&#243; que encontraras a los exploradores desaparecidos.\nVe a $map.</text>
	</string>
	<string id="drx_sl_trader_monolith_kbo_task_2_text_2">
		<text>Olivar te encarg&#243; encontrar a los exploradores desaparecidos. Usa el $item_1 y configura la frecuencia a $freq MHz. Busca la se&#241;al en los alrededores.</text>
	</string>
	<string id="drx_sl_trader_monolith_kbo_task_2_text_3">
		<text>Debes recuperar el $item_2 que encontraste y mostr&#225;rselo a Olivar.</text>
	</string>
	<string id="drx_sl_trader_monolith_kbo_task_2_text_4">
		<text>Vuelve a Olivar con tus hallazgos.</text>
	</string>
	<string id="drx_sl_trader_monolith_kbo_task_2_about">
		<text>Tengo una misi&#243;n importante para ti, hermano. Hemos enviado un escuadr&#243;n de nuestros exploradores para observar actividades inusuales en el &#225;rea. Ha pasado un d&#237;a y no se les encuentra por ning&#250;n lado. &#161;Su fracaso nos ha avergonzado a todos! Depende de nosotros ver si todav&#237;a pueden ser redimidos. Aqu&#237;, esta es la frecuencia de la se&#241;al de la PDA de uno de los exploradores. Rastr&#233;ala y descubre qu&#233; les ha pasado.</text>
	</string>
	<string id="drx_sl_trader_monolith_kbo_task_2_finish">
		<text>Esta informaci&#243;n ser&#225; &#250;til. Gracias, hermano.</text>
	</string>


	<!-- ----------------------------------------------------------------------------------------- -->
	<!-- Griffith (Mercenary Operator) Default Storyline Task -->

	<string id="drx_sl_merc_pri_grifon_mlr_default_task_name">
		<text>Obtener Siguiente Tarea</text>
	</string>
	<string id="drx_sl_merc_pri_grifon_mlr_default_task_text">
		<text>Recibe tu pr&#243;xima tarea.</text>
	</string>
	<string id="drx_sl_merc_pri_grifon_mlr_default_task_about">
		<text>Hay un contacto que est&#225; dispuesto a pagar bien por nuestros servicios. Ve a verlo.</text>
	</string>
	<string id="drx_sl_merc_pri_grifon_mlr_default_task_finish">
		<text>Buena suerte.</text>
	</string>
	

	<!-- Griffith (Mercenary Operator) Hunt Down the Dangerous Mutant Storyline Task -->

	<string id="drx_sl_merc_pri_grifon_mlr_task_1_name">
		<text>Cazar al Peligroso Mutante</text>
	</string>
	<string id="drx_sl_merc_pri_grifon_mlr_task_1_text">
		<text>Griffith y sus mercenarios se est&#225;n cansando de las incursiones nocturnas de un mutante obstinado. Acced&#237; a rastrearlo y matarlo.</text>
	</string>
	<string id="drx_sl_merc_pri_grifon_mlr_task_1_about">
		<text>Este maldito monstruo regresa cada noche para atacar a nuestros guardias. No podemos dejar que se nos escape por m&#225;s tiempo. Encu&#233;ntralo y m&#225;talo.</text>
	</string>
	<string id="drx_sl_merc_pri_grifon_mlr_task_1_finish">
		<text>&#161;Por fin! Podemos descansar en paz. Aqu&#237; est&#225; tu recompensa.</text>
	</string>
	

	<!-- Griffith (Mercenary Operator) Search Lab X-8 Location Storyline Task -->

	<string id="drx_sl_merc_pri_grifon_mlr_task_2_name">
		<text>Buscar el Laboratorio X-8</text>
	</string>
	<string id="drx_sl_merc_pri_grifon_mlr_task_2_text">
		<text>Griffith no volver&#225; a Dushman con las manos vac&#237;as. Busca en el laboratorio X-8 cualquier documento que puedas encontrar.</text>
	</string>
	<string id="drx_sl_merc_pri_grifon_mlr_task_2_about">
		<text>Vinimos aqu&#237; para obtener informaci&#243;n del Laboratorio X8, que est&#225; situado cerca del centro de servicio de Yubileiny al norte de aqu&#237;. Tendr&#237;amos algo &#250;til con lo que salir, al menos. Me dirigir&#237;a all&#237; de nuevo con los chicos, pero no quedamos muchos y ser&#237;a demasiado para manejar, ya que preferimos no gastar m&#225;s mano de obra que tratar de alejarnos de alguna manera del centro de la maldita Zona. Dir&#237;gete a X8 - podr&#237;a quedar algo</text>
	</string>
	<string id="drx_sl_merc_pri_grifon_mlr_task_2_finish">
		<text>Muy interesante... estos documentos podr&#237;an ser muy valiosos para las personas adecuadas. Hiciste un gran trabajo.</text>
	</string>
	
	<!-- \\\\\\\\\\\\\\\\\\\\\\\\\\\\\\\\\\\\\\\\\\\\\\\\\\\\\\\\\\\\\\\\\\\\\\\\\\\\\\\\\\\\\\\\\ -->


	<!-- /////////////////////////////////////////////////////////////////////////////////////////////
	<!--
	<!-- CHANGE FACTIONS TASK TEXT  STRINGS
	<!--
	<!--	Modified by DoctorX
	<!--	for DoctorX Questlines 1.6
	<!--	October 07, 2016
	<!--
	<!-- ----------------------------------------------------------------------------------------- -->

	<!-- ----------------------------------------------------------------------------------------- -->
	<!-- Rabbit (Monolith Trader) Payoff Change Factions Task -->

	<string id="drx_sl_pri_monolith_monolith_trader_stalker_cf_task_1_name">
		<text>Renunciar al Pago para Unirse al Monolito</text>
	</string>
	<string id="drx_sl_pri_monolith_monolith_trader_stalker_cf_task_1_text">
		<text>Cuando me convierta en Monolito, tendr&#233; poca necesidad de dinero. Rabbit s&#243;lo pide una m&#237;sera suma de 1.000 RU para dejarme unirme al todopoderoso Monolito.</text>
	</string>
	<string id="drx_sl_pri_monolith_monolith_trader_stalker_cf_task_1_about">
		<text>Es bueno que hayas entrado en raz&#243;n, hija m&#237;a. Le daremos la bienvenida a la orden del Monolito pero primero debe renunciar a una muestra de sus posesiones mundanas en forma de 1.000 RU.</text>
	</string>
	<string id="drx_sl_pri_monolith_monolith_trader_stalker_cf_task_1_finish">
		<text>Bien. Bienvenido a la hermandad del Monolito.</text>
	</string>

	<!-- \\\\\\\\\\\\\\\\\\\\\\\\\\\\\\\\\\\\\\\\\\\\\\\\\\\\\\\\\\\\\\\\\\\\\\\\\\\\\\\\\\\\\\\\\ -->


	<!-- /////////////////////////////////////////////////////////////////////////////////////////////
	<!--
	<!-- DYNAMIC TASK TEXT  STRINGS
	<!--
	<!--	Modified by DoctorX
	<!--	for DoctorX Questlines 1.6
	<!--	October 07, 2016
	<!--
	<!-- ----------------------------------------------------------------------------------------- -->
	
	<!-- ----------------------------------------------------------------------------------------- -->
	<!-- Eidolon (Elite Monolith Soldier) Purge the Infidels Task -->
	<string id="monolith_eidolon_task_1_name">
		<text>Purga a los infieles</text>
	</string>
	<string id="monolith_eidolon_task_1_text">
		<text>Eidolon quiere encontrar algunos %s.</text>
	</string>
	<string id="monolith_eidolon_task_1_about">
		<text>Estamos sitiados. Los infieles desean explotar el todopoderoso Monolito. Impulsados por la avaricia. La ignorancia. Deseos viles. En nombre del Monolito. Nosotros actuamos, los guardianes. Purga a los infieles. Recoge sus parches. Como un trofeo. Un signo de nuestra incuestionable superioridad. Ve, hermano. Destr&#250;yelos a todos.</text>
	</string>
	<string id="monolith_eidolon_task_1_fetch_about">
		<text>Estamos sitiados. Los infieles desean explotar el todopoderoso Monolito. Impulsados por la avaricia. La ignorancia. Deseos viles. En nombre del Monolito. Nosotros actuamos, los guardianes. Purga a los infieles. Recoge sus parches. Como un trofeo. Un signo de nuestra incuestionable superioridad. Ve, hermano. Destr&#250;yelos a todos. Adquiere %s en tu misi&#243;n.</text>
	</string>
	<string id="monolith_eidolon_task_1_fetch_finish">
		<text>Tal devoci&#243;n. A nuestra gloriosa causa. La devoci&#243;n ser&#225; recompensada.</text>
	</string>
	
	<!-- ----------------------------------------------------------------------------------------- -->
	<!-- Eidolon (Elite Monolith Soldier) Hunt the Mutants Task -->
	
	<string id="monolith_eidolon_task_2_name">
		<text>El m&#225;s Grande Guerrero</text>
	</string>	
	<string id="monolith_eidolon_task_2_text">
		<text>Coleccionar %s trofeos para Eidolon.</text>
	</string>		
	<string id="monolith_eidolon_task_2_about">
		<text>Peligroso. Bestias letales. Un regalo de la Zona, para que lo veamos. Para que lo tomemos. Guardianes, proveedores, as&#237; como un hito. Una forma de probar nuestra fuerza. Resolver, y destreza en el combate. Ve, hermano. Caza a un poderoso cazador, el hombre contra la bestia.</text>
	</string>		
	<string id="monolith_eidolon_task_2_fetch_about">
		<text>Peligroso. Bestias letales. Un regalo de la Zona, para que lo veamos. Para que lo tomemos. Guardianes, proveedores, as&#237; como un hito. Una forma de probar nuestra fuerza. Resolver, y destreza en el combate. Ve, hermano. Caza a un poderoso cazador, el hombre contra la bestia. Recoge %s para probar tu valor.</text>
	</string>	
	<string id="monolith_eidolon_task_2_fetch_finish">
		<text>Magn&#237;fico trofeo. El Monolito est&#225; orgulloso. Yo tambi&#233;n. Una recompensa, para ti.</text>
	</string>

	<!-- ----------------------------------------------------------------------------------------- -->
	<!-- Eidolon (Elite Monolith Soldier) Harvest the Fruit Task -->

	<string id="monolith_eidolon_task_3_name">
		<text>Cosechar el Fruto</text>
	</string>
	<string id="monolith_eidolon_task_3_text">
		<text>Eidolon quiere encontrar un artefacto "%s".</text>
	</string>
	<string id="monolith_eidolon_task_3_about">
		<text>Protegemos el Monolito. El Monolito nos protege. Nosotros servimos, y la Zona entrega. Espl&#233;ndido fruto, resplandeciente con su inigualable brillo. Poderoso, para darnos poder. Ve ahora, cosecha el fruto, hermano.</text>
	</string>
	<string id="monolith_eidolon_task_3_fetch_about">
		<text>Protegemos el Monolito. El Monolito nos protege. Nosotros servimos, y la Zona entrega. Espl&#233;ndido fruto, resplandeciente con su inigualable brillo. Poderoso, para darnos poder. Ve ahora, cosecha el fruto, hermano. Cosecha un artefacto "%s", para reforzar nuestra fuerza.</text>
	</string>
	<string id="monolith_eidolon_task_3_fetch_finish">
		<text>Excelente. Maravilloso. Una vista para contemplar. Tienes mi gratitud, leal hermano.</text>
	</string>
	
	<!-- ----------------------------------------------------------------------------------------- -->
	<!-- Eidolon (Elite Monolith Soldier) Keeper of Secrets Task -->
	<string id="monolith_eidolon_task_4_name">
		<text>Guardi&#225;n de los Secretos</text>
	</string>
	<string id="monolith_eidolon_task_4_text">
		<text>Recuperar los documentos que contienen secretos de la Zona y llevarlos de vuelta a Eidolon.</text>
	</string>
	<string id="monolith_eidolon_task_4_about">
		<text>Existen, documentos. Que hablan de las maravillas de la Zona. En detalle. Conocimiento secreto. Los infieles no deben saber. Recupera los documentos. Tr&#225;iganmelos y les recompensar&#233;.</text>
	</string>
	<string id="monolith_eidolon_task_4_finish">
		<text>La Zona est&#225; segura. En tus manos.</text>
	</string>

	<!-- ----------------------------------------------------------------------------------------- -->
	<!-- Rabbit (Monolith Trader) Assault Territory Task -->
	<string id="pri_monolith_monolith_trader_stalker_task_1_name">
		<text>Conquista al Enemigo</text>
	</string>
	<string id="pri_monolith_monolith_trader_stalker_task_1_text">
		<text>Se te ha encargado que despejes un &#225;rea por el bien del todopoderoso Monolito. Informa a Conejo cuando el trabajo est&#233; hecho.</text>
	</string>
	<string id="pri_monolith_monolith_trader_stalker_task_1_about">
		<text>Tengo una misi&#243;n importante para ti. Debes viajar a este territorio y despejar el &#225;rea para que nuestras fuerzas puedan entrar. &#191;Est&#225; listo?</text>
	</string>
	<string id="pri_monolith_monolith_trader_stalker_task_1_finish">
		<text>&#191;La tarea est&#225; hecha? Bien. Alabado sea el Monolito.</text>
	</string>



	<!-- ASSASSINATION FOR MONOLITH TASK -->
	<string id="pri_monolith_monolith_trader_stalker_task_2_name">
		<text>Mata al Saboteador</text>
	</string>
	<string id="pri_monolith_monolith_trader_stalker_task_2_text">
		<text>Un stalker est&#225; tratando de desactivar el Cauterizador. M&#225;talo.</text>
	</string>
	<string id="pri_monolith_monolith_trader_stalker_task_2_about">
		<text>Hay muchas amenazas para las grandes obras de la Zona. Hay uno que una vez m&#225;s est&#225; planeando desactivar el Cauterizador. Debe ser detenido. Debes encontrarlo y destruirlo.</text>
	</string>
	<string id="pri_monolith_monolith_trader_stalker_task_2_finish">
		<text>Bien hecho. El Colectivo est&#225; contento.</text>
	</string>


	<!-- FIND WEAPON FOR MONOLITH TASK -->
	<string id="pri_monolith_monolith_trader_stalker_task_3_name">
		<text>Obtener un %s para Conejo</text>
	</string>
	<string id="pri_monolith_monolith_trader_stalker_task_3_text">
		<text>Conejo ha solicitado un nuevo rifle para agregar al arsenal Monolito.</text>
	</string>
	<string id="pri_monolith_monolith_trader_stalker_task_3_about">
		<text>Nos volvemos m&#225;s poderosos cada d&#237;a. Necesitamos m&#225;s armamento para seguir logrando nuestros objetivos. Debes encontrar un arma nueva para nosotros para que podamos seguir aumentando nuestro arsenal.</text>
	</string>
	<string id="pri_monolith_monolith_trader_stalker_task_3_fetch_about">
		<text>Encuentra un nuevo %s y tr&#225;emelo.</text>
	</string>
	<string id="pri_monolith_monolith_trader_stalker_task_3_fetch_finish">
		<text>Esto ser&#225; bueno.</text>
	</string>


	<!-- FIND MUTANT MEAT FOR MONOLITH TASK -->
	<string id="pri_monolith_monolith_trader_stalker_task_4_name">
		<text>Caza %s para Conejo.</text>
	</string>
	<string id="pri_monolith_monolith_trader_stalker_task_4_text">
		<text>Caza y depelleja %s. Devuelve la carne a Conejo para que pueda prepararla.</text>
	</string>
	<string id="pri_monolith_monolith_trader_stalker_task_4_about">
		<text>Debes salir a la Zona y buscar carne para que tus hermanos monolitos puedan festejar.</text>
	</string>
	<string id="pri_monolith_monolith_trader_stalker_task_4_fetch_about">
		<text>Caza y traenos %s. Recuerda que estas criaturas son un regalo de la Zona. M&#225;talos r&#225;pido y da las gracias. Traeme la carne cuando hayas tenido &#233;xito.</text>
	</string>
	<string id="pri_monolith_monolith_trader_stalker_task_4_fetch_finish">
		<text>Ha tenido &#233;xito en tu tarea. Bien hecho.</text>
	</string>


	<!-- FIND SUPPLIES FOR MONOLITH TASK -->
	<string id="pri_monolith_monolith_trader_stalker_task_5_name">
		<text>Recoge %s para Conejo</text>
	</string>
	<string id="pri_monolith_monolith_trader_stalker_task_5_text">
		<text>Busca %s y devuelveselo a Conejo.</text>
	</string>
	<string id="pri_monolith_monolith_trader_stalker_task_5_about">
		<text>Debes procurarnos m&#225;s suministros para que podamos continuar nuestros grandes trabajos.</text>
	</string>
	<string id="pri_monolith_monolith_trader_stalker_task_5_fetch_about">
		<text>Recupera %s y tr&#225;emelo.</text>
	</string>
	<string id="pri_monolith_monolith_trader_stalker_task_5_fetch_finish">
		<text>Has hecho bien en servir al Monolito.</text>
	</string>


	<!-- FIND ARTEFACT FOR MONOLITH TASK -->
	<string id="pri_monolith_monolith_trader_stalker_task_6_name">
		<text>Encuentra el %s Artefacto para Conejo</text>
	</string>
	<string id="pri_monolith_monolith_trader_stalker_task_6_text">
		<text>Encuentra el artefacto %s. Devu&#233;lvelo a Conejo para que lo prepare como ofrenda.</text>
	</string>
	<string id="pri_monolith_monolith_trader_stalker_task_6_about">
		<text>Debemos encontrar otro artefacto para darlo como ofrenda. &#191;Ayudar&#225;s a servir al bien del Monolito?</text>
	</string>
	<string id="pri_monolith_monolith_trader_stalker_task_6_fetch_about">
		<text>Encuentra un artefacto %s. Tr&#225;emelo cuando hayas tenido &#233;xito para que podamos llevar a cabo la ceremonia.</text>
	</string>
	<string id="pri_monolith_monolith_trader_stalker_task_6_fetch_finish">
		<text>Sirves bien al Monolito. Acomp&#225;&#241;anos esta noche en la ofrenda ceremonial. Habr&#225; c&#225;nticos.</text>
	</string>

	<!-- \\\\\\\\\\\\\\\\\\\\\\\\\\\\\\\\\\\\\\\\\\\\\\\\\\\\\\\\\\\\\\\\\\\\\\\\\\\\\\\\\\\\\\\\\ -->


	<!-- /////////////////////////////////////////////////////////////////////////////////////////////
	<!--
	<!-- MECHANIC TASK TEXT  STRINGS
	<!--
	<!--	Modified by DoctorX
	<!--	for DoctorX Questlines 1.6
	<!--	October 07, 2016
	<!--
	<!-- ----------------------------------------------------------------------------------------- -->

	<!-- ----------------------------------------------------------------------------------------- -->
	<!-- Cleric (Monolith Mechanic) Find Level 1 Toolkit Task -->

	<string id="pri_monolith_monolith_mechanic_stalker_task_1_name">
		<text>Encontrar %s para Cl&#233;rigo</text>
	</string>
	<string id="pri_monolith_monolith_mechanic_stalker_task_1_text">
		<text>Cl&#233;rigo requiere que %s instale actualizaciones de equipos b&#225;sicos, debe devolverlos a &#233;l si encuentra alguno.</text>
	</string>
	<string id="pri_monolith_monolith_mechanic_stalker_task_1_about">
		<text>Necesito que hagas algo por m&#237;. Necesito herramientas espec&#237;ficas para afinar nuestras armas.</text>
	</string>
	<string id="pri_monolith_monolith_mechanic_stalker_task_1_fetch_about">
		<text>De acuerdo, necesito un %s. Ve ahora.</text>
	</string>
	<string id="pri_monolith_monolith_mechanic_stalker_task_1_fetch_finish">
		<text>Bien hecho.</text>
	</string>

	<string id="pri_monolith_monolith_mechanic_stalker_task_2_name">
		<text>Encontrar %s para Cl&#233;rigo</text>
	</string>
	<string id="pri_monolith_monolith_mechanic_stalker_task_2_text">
		<text>Cl&#233;rigo requiere que %s instale actualizaciones avanzadas de equipos, debe devolverlos a &#233;l si encuentra alguno.</text>
	</string>
	<string id="pri_monolith_monolith_mechanic_stalker_task_2_about">
		<text>Necesito algunas herramientas m&#225;s; mejores herramientas. &#191;Puedes encontrar lo que pido, otra vez?</text>
	</string>
	<string id="pri_monolith_monolith_mechanic_stalker_task_2_fetch_about">
		<text>Necesito un conjunto de herramientas avanzadas. Deber&#237;a contener lo que necesito. Si puedes traerme algunas, te lo agradecer&#233;; incluso te har&#233; un descuento de aqu&#237; en adelante.</text>
	</string>
	<string id="pri_monolith_monolith_mechanic_stalker_task_2_fetch_finish">
		<text>Bien. Me lo has tra&#237;do.</text>
	</string>

	<string id="pri_monolith_monolith_mechanic_stalker_task_3_name">
		<text>Encontrar %s para Cl&#233;rigo</text>
	</string>
	<string id="pri_monolith_monolith_mechanic_stalker_task_3_text">
		<text>Cl&#233;rigo requiere que %s instale actualizaciones de equipos expertos, debe devolverlos a &#233;l si encuentra alguno.</text>
	</string>
	<string id="pri_monolith_monolith_mechanic_stalker_task_3_about">
		<text>Necesito algunas herramientas m&#225;s; mejores herramientas. &#191;Puedes encontrar lo que pido, otra vez?</text>
	</string>
	<string id="pri_monolith_monolith_mechanic_stalker_task_3_fetch_about">
		<text>Necesito un conjunto de herramientas expertas. Deber&#237;a contener lo que necesito. Si puedes traerme algunas, te lo agradecer&#233;; incluso te har&#233; un descuento de aqu&#237; en adelante.</text>
	</string>
	<string id="pri_monolith_monolith_mechanic_stalker_task_3_fetch_finish">
		<text>Bien. Me lo has tra&#237;do.</text>
	</string>
	
	
	<string id="lider_monolith_haron_task_1_name">
		<text>Destruir al Enemigo</text>
	</string>
	<string id="lider_monolith_haron_task_1_text">
		<text>Charon me ha pedido que libere una posici&#243;n clave en la Zona.</text>
	</string>
	<string id="lider_monolith_haron_task_1_about">
		<text>Hermano m&#237;o, se necesita tu ayuda para destruir a los infieles.</text>
	</string>
	<string id="lider_monolith_haron_task_1_finish">
		<text>&#161;Bendiciones del Monolito sobre ti, hermano! Toma lo que te mereces.</text>
	</string>

	<string id="lider_monolith_haron_task_2_name">
		<text>Consigue %s</text>
	</string>
	<string id="lider_monolith_haron_task_2_text">
		<text>Charon me pidi&#243; que trajera %s.</text>
	</string>
	<string id="lider_monolith_haron_task_2_about">
		<text>El gran Monolito ofrecer&#225; recompensas a cualquier hermano que ayude a purificar nuestra tierra santa de los infieles. Mu&#233;strame las insignias de estos gusanos como prueba de tus acciones.</text>
	</string>
	<string id="lider_monolith_haron_task_2_fetch_about">
		<text>El gran Monolito ofrecer&#225; recompensas a cualquier hermano que ayude a purificar nuestra tierra santa de los infieles. Traedme %s como prueba de vuestras acciones.</text>
	</string>
	<string id="lider_monolith_haron_task_2_fetch_finish">
		<text>Sobresaliente, hermano. Esto es para ti, de parte del Monolito.</text>
	</string>
	
<!-- Griffith -->
	<string id="merc_pri_grifon_mlr_task_1_name">
		<text>Consigue %s</text>
	</string>
	<string id="merc_pri_grifon_mlr_task_1_text">
		<text>Griffin me ha pedido que le encuentre %s.</text>
	</string>
	<string id="merc_pri_grifon_mlr_task_1_about">
		<text>Hay demasiados fan&#225;ticos merodeando por ah&#237; como para que trabajemos eficientemente. Me gustar&#237;a que tu les hicieras sangrar la nariz, hacerlos retroceder un poco, y arrancarles los parches como prueba. Tengo un gran fajo de dinero escondido por aqu&#237; en alguna parte. Es tuyo si me traes %s.</text>
	</string>
	<string id="merc_pri_grifon_mlr_task_1_fetch_about">
		<text>Hay demasiados fan&#225;ticos merodeando por ah&#237; como para que trabajemos eficientemente. Me gustar&#237;a que tu les hicieras sangrar la nariz, hacerlos retroceder un poco, y arrancarles los parches como prueba. Tengo un gran fajo de dinero escondido por aqu&#237; en alguna parte. Es tuyo si me traes %s.</text>
	</string>
	<string id="merc_pri_grifon_mlr_task_1_fetch_finish">
		<text>Gracias stalker. Aqu&#237; est&#225; la pasta que te promet&#237;.</text>
	</string>
	
	<string id="merc_pri_grifon_mlr_task_2_name">
		<text>Encuentra un Artefacto Alma</text>
	</string>
	<string id="merc_pri_grifon_mlr_task_2_text">
		<text>Griffin me ha pedido que le lleve un artefacto Alma.</text>
	</string>
	<string id="merc_pri_grifon_mlr_task_2_fetch_about">
		<text>No hay ning&#250;n doctor aqu&#237;, y tenemos que sobrevivir de alguna manera. El equipo m&#233;dico ordinario no es suficiente para nosotros, y no muchos de los hombres saben c&#243;mo usarlo correctamente. Ya es bastante dif&#237;cil cuidar de todos por aqu&#237;. As&#237; que quiero pedirles ayuda. He o&#237;do hablar de un artefacto llamado Alma, que se dice que tiene la capacidad de curar las heridas de la gente. &#191;Podr&#237;as encontrar uno y traernoslo?</text>
	</string>
	<string id="merc_pri_grifon_mlr_task_2_fetch_finish">
		<text>&#191;De verdad encontraste uno? No puedo creerlo... &#161;Gracias stalker! Esto ayudar&#225; a los dem&#225;s. Y no te vayas sin tu recompensa.</text>
	</string>

	<string id="merc_pri_grifon_mlr_task_3_name">
		<text>Limpiar la Tienda de Comestibles</text>
	</string>
	<string id="merc_pri_grifon_mlr_task_3_text">
		<text>Los mercenarios quieren que te encargues de los perros que estan en la tienda.</text>
	</string>
	<string id="merc_pri_grifon_mlr_task_3_about">
		<text>Hola. Tenemos otro problema - hay perros que se han instalado en la tienda de comestibles, y eso no es bueno para nosotros. Han estado ladr&#225;ndonos sin parar, y eso atrae una atenci&#243;n no deseada. Te agradecer&#237;a que los sacara de ese lugar.</text>
	</string>
	<string id="merc_pri_grifon_mlr_task_3_finish">
		<text>Gracias, gran trabajo. Aqu&#237; tienes algo de dinero por las molestias.</text>
	</string>
	
	
<!-- (Mercenary Mechanic) -->
	<string id="merc_pri_a18_mech_mlr_task_1_name">
		<text>Encuentra %s para los Mecanicos Mercenarios en las Afueras</text>
	</string>
	<string id="merc_pri_a18_mech_mlr_task_1_text">
		<text>Un t&#233;cnico mercenario de las afueras me ha pedido que busque %s.</text>
	</string>
	<string id="merc_pri_a18_mech_mlr_task_1_about">
		<text>Hemos estado sentados sobre nuestros traseros aqu&#237; en Pripyat durante mucho tiempo... Seguramente, has escuchado nuestra historia de Griffin. He buscado por todas partes herramientas, pero s&#243;lo he encontrado las de bajo nivel que no son adecuadas para un mantenimiento y personalizaci&#243;n grandes. Esto es indignante. Soy un t&#233;cnico, y necesito las herramientas adecuadas para trabajar de forma &#243;ptima. &#191;Puedes ayudarme?</text>
	</string>
	<string id="merc_pri_a18_mech_mlr_task_1_fetch_about">
		<text>Hemos estado sentados sobre nuestros traseros aqu&#237; en Pripyat durante mucho tiempo... Seguramente, has escuchado nuestra historia de Griffin. He buscado por todas partes herramientas, pero s&#243;lo he encontrado las de bajo nivel que no son adecuadas para un mantenimiento y personalizaci&#243;n grandes. Esto es indignante. Soy un t&#233;cnico, y necesito las herramientas adecuadas para trabajar de forma &#243;ptima. &#191;Puedes ayudarme?</text>
	</string>
	<string id="merc_pri_a18_mech_mlr_task_1_fetch_finish">
		<text>Gracias, ya no ser&#225; tan estresante para los chicos de aqu&#237;. Te har&#233; un descuento.</text>
	</string>

	<string id="merc_pri_a18_mech_mlr_task_2_name">
		<text>Encuentra %s para los Mecanicos Mercenarios en las Afueras</text>
	</string>
	<string id="merc_pri_a18_mech_mlr_task_2_text">
		<text>Un t&#233;cnico mercenario de las afueras me ha pedido que busque %s.</text>
	</string>
	<string id="merc_pri_a18_mech_mlr_task_2_about">
		<text>Bueno, hemos resuelto algunos problemas, pero a&#250;n queda mucho por hacer. Necesitamos mejores herramientas para m&#225;s actualizaciones. &#191;Te importar&#237;a ayudarnos de nuevo?</text>
	</string>
	<string id="merc_pri_a18_mech_mlr_task_2_fetch_about">
		<text>Bueno, hemos resuelto algunos problemas, pero a&#250;n queda mucho por hacer. Necesitamos mejores herramientas para m&#225;s actualizaciones. &#191;Te importar&#237;a ayudarnos de nuevo?</text>
	</string>
	<string id="merc_pri_a18_mech_mlr_task_2_fetch_finish">
		<text>Bien hecho. Ahora tengo un juego completo, y puedes tener todos los descuentos a los que tienes derecho.</text>
	</string>
	
	
<!-- (Monolith Mechanic) -->
	<string id="mechanic_monolith_kbo_task_1_name">
		<text>Encuentra %s para el mecanico Monolito</text>
	</string>
	<string id="mechanic_monolith_kbo_task_1_text">
		<text>El t&#233;cnico del centro de servicio de Yubileiny me ha pedido que le traiga %s.</text>
	</string>
	<string id="mechanic_monolith_kbo_task_1_about">
		<text>Necesito tu ayuda, hermano. Necesito herramientas para nuestro equipo para que nuestros hermanos puedan difundir la palabra del Monolito m&#225;s efectivamente.</text>
	</string>
	<string id="mechanic_monolith_kbo_task_1_fetch_about">
		<text>Necesito tu ayuda, hermano. Necesito herramientas para nuestro equipo para que nuestros hermanos puedan difundir la palabra del Monolito m&#225;s efectivamente.</text>
	</string>
	<string id="mechanic_monolith_kbo_task_1_fetch_finish">
		<text>Excelente trabajo, hermano. Todo lo que ganemos con futuras mejoras ir&#225; a nuestra caridad, y su contribuci&#243;n le otorgar&#225; un peque&#241;o descuento.</text>
	</string>

	<string id="mechanic_monolith_kbo_task_2_name">
		<text>Encuentra %s para el mecanico Monolito</text>
	</string>
	<string id="mechanic_monolith_kbo_task_2_text">
		<text>El t&#233;cnico del centro de servicio de Yubileiny me ha pedido que le traiga %s.</text>
	</string>
	<string id="mechanic_monolith_kbo_task_2_about">
		<text>El conjunto de herramientas que localiz&#243; anteriormente no es suficiente. Se necesitan herramientas m&#225;s especializadas para un trabajo m&#225;s complejo, para que nuestros hermanos puedan seguir difundiendo su voluntad. &#191;Servir&#225;s a nuestra causa una vez m&#225;s?</text>
	</string>
	<string id="mechanic_monolith_kbo_task_2_fetch_about">
		<text>El conjunto de herramientas que localiz&#243; anteriormente no es suficiente. Se necesitan herramientas m&#225;s especializadas para un trabajo m&#225;s complejo, para que nuestros hermanos puedan seguir difundiendo su voluntad. &#191;Servir&#225;s a nuestra causa una vez m&#225;s?</text>
	</string>
	<string id="mechanic_monolith_kbo_task_2_fetch_finish">
		<text>Excelente trabajo, hermano. Todo lo que ganemos con futuras mejoras ir&#225; a nuestra caridad, y su contribuci&#243;n le otorgar&#225; un descuento adicional.</text>
	</string>

	<string id="mechanic_monolith_kbo_task_3_name">
		<text>Encuentra %s para el mecanico Monolito</text>
	</string>
	<string id="mechanic_monolith_kbo_task_3_text">
		<text>El t&#233;cnico del centro de servicio de Yubileiny me pidi&#243; que le trajera %s.</text>
	</string>
	<string id="mechanic_monolith_kbo_task_3_about">
		<text>El &#250;ltimo juego de herramientas que trajiste aqu&#237; fue... adecuado, pero &#191;por qu&#233; detenerse en lo que se ha logrado cuando podemos lograr algo a&#250;n mejor? Lo que necesitamos son las mejores herramientas de la Zona. Te pido que sirvas a su voluntad por &#250;ltima vez, hermano m&#237;o.</text>
	</string>
	<string id="mechanic_monolith_kbo_task_3_fetch_about">
		<text>El &#250;ltimo juego de herramientas que trajiste aqu&#237; fue... adecuado, pero &#191;por qu&#233; detenerse en lo que se ha logrado cuando podemos lograr algo a&#250;n mejor? Lo que necesitamos son las mejores herramientas de la Zona. Te pido que sirvas a su voluntad por &#250;ltima vez, hermano m&#237;o.</text>
	</string>
	<string id="mechanic_monolith_kbo_task_3_fetch_finish">
		<text>Un trabajo excepcional, hermano. Tenga la seguridad de que mencionar&#233; su contribuci&#243;n a nuestros hermanos... y prometo proporcionar cualquier ayuda dentro de mis posibilidades.</text>
	</string>
	
	

</string_table>
