<?xml version="1.0" encoding="windows-1251"?>
<string_table>

	<!-- FIND LEVEL 1 TOOLKIT FOR BANDIT MLR TASK -->

	<string id="trucks_cemetery_bandit_mechanic_task_1_name">
		<text>Encuentra %s para el Mecanico Bandido en el Cementerio de Camiones</text>
	</string>
	<string id="trucks_cemetery_bandit_mechanic_task_1_text">
		<text>El tecnico en el Cementerio de Camiones me ha pedido que encuentre %s.</text>
	</string>
	<string id="trucks_cemetery_bandit_mechanic_task_1_about">
		<text>Hermano, m&#225;s de la mitad de lo que tenemos aqu&#237; se esta desmoronando, y realmente necesito algunas herramientas para ayudar a los muchachos. &#191;Quieres ayudarme?</text>
	</string>
	<string id="trucks_cemetery_bandit_mechanic_task_1_fetch_about">
		<text>Hermano, m&#225;s de la mitad de lo que tenemos aqu&#237; se esta desmoronando, y realmente necesito algunas herramientas para ayudar a los muchachos. &#191;Quieres ayudarme?</text>
	</string>
	<string id="trucks_cemetery_bandit_mechanic_task_1_fetch_finish">
		<text>Oooh, si ... De eso es de lo que estoy hablando. Ya que me ayudaste, te ayudare con un descuento.</text>
	</string>


	<!-- FIND LEVEL 2 TOOLKIT FOR BANDIT MLR TASK -->

	<string id="trucks_cemetery_bandit_mechanic_task_2_name">
		<text>Encuentra %s para el Mecanico Bandido en el Cementerio de Camiones</text>
	</string>
	<string id="trucks_cemetery_bandit_mechanic_task_2_text">
		<text>El tecnico en el Cementerio de Camiones me ha pedido que encuentre %s.</text>
	</string>
	<string id="trucks_cemetery_bandit_mechanic_task_2_about">
		<text>Esta area es completamente salvaje, pero este lugar aqu&#237; ... Es un punto estrategico, hombre! Para que nuestros camaradas tengan la mayor potencia de fuego posible, necesitaremos mejores herramientas para trabajar. Ayudame de nuevo, &#191;quieres?</text>
	</string>
	<string id="trucks_cemetery_bandit_mechanic_task_2_fetch_about">
		<text>Esta area es completamente salvaje, pero este lugar aqu&#237; ... Es un punto estrategico, hombre! Para que nuestros camaradas tengan la mayor potencia de fuego posible, necesitaremos mejores herramientas para trabajar. Ayudame de nuevo, &#191;quieres?</text>
	</string>
	<string id="trucks_cemetery_bandit_mechanic_task_2_fetch_finish">
		<text>&#161;Joder! Eres el mejor, tio. &#161;Definitivamente obtendras otro descuento por esto!</text>
	</string>


	<!-- FIND LEVEL 3 TOOLKIT FOR BANDIT BANDIT TASK -->

	<string id="trucks_cemetery_bandit_mechanic_task_3_name">
		<text>Encuentra %s para el Mecanico Bandido en el Cementerio de Camiones</text>
	</string>
	<string id="trucks_cemetery_bandit_mechanic_task_3_text">
		<text>El tecnico en el Cementerio de Camiones me ha pedido que encuentre %s.</text>
	</string>
	<string id="trucks_cemetery_bandit_mechanic_task_3_about">
		<text>Estaba sentado, relajandome, cuando me di cuenta de lo que nos faltaba. &#161;Herramientas a&#250;n mejores! De todos modos, &#191;que tal contigo? &#191;Quieres ayudarme a encontrar mejores herramientas?</text>
	</string>
	<string id="trucks_cemetery_bandit_mechanic_task_3_fetch_about">
		<text>Estaba sentado, relajandome, cuando me di cuenta de lo que nos faltaba. &#161;Herramientas a&#250;n mejores! De todos modos, &#191;que tal contigo? &#191;Quieres ayudarme a encontrar mejores herramientas?</text>
	</string>
	<string id="trucks_cemetery_bandit_mechanic_task_3_fetch_finish">
		<text>Wow, &#161;realmente lo hiciste! Gracias amigo, eres el mejor. El mayor descuento va para ti, &#161;disfr&#250;talo!</text>
	</string>

</string_table>
