<?xml version="1.0" encoding="windows-1251"?>

<!--===========================================================
<
< TEXT  STRINGS FOR TASKS ON MARSH (SWAMPS) MAP
<	CoC 1.4.10 - DoctorX Questlines 1.6
<
<	Modified by: DoctorX
<	Last revised: October 14, 2016
<
<===========================================================-->
<string_table>


	<!-- /////////////////////////////////////////////////////////////////////////////////////////////
	<!--
	<!-- STORYLINE TASK TEXT  STRINGS
	<!--
	<!--	Modified by DoctorX
	<!--	for DoctorX Questlines 1.6
	<!--	October 14, 2016
	<!--
	<!-- ----------------------------------------------------------------------------------------- -->

	<!-- ----------------------------------------------------------------------------------------- -->
	<!-- Cold (Clear Sky Honcho) Default Storyline Task -->

	<string id="drx_sl_mar_smart_terrain_base_stalker_leader_marsh_default_task_name">
		<text>Obtener Siguiente Tarea</text>
	</string>
	<string id="drx_sl_mar_smart_terrain_base_stalker_leader_marsh_default_task_text">
		<text>Recibe tu pr&#243;xima tarea.</text>
	</string>
	<string id="drx_sl_mar_smart_terrain_base_stalker_leader_marsh_default_task_about">
		<text>S&#237;, hay un amigo m&#237;o que necesita tu ayuda. Ve a verlo.</text>
	</string>
	<string id="drx_sl_mar_smart_terrain_base_stalker_leader_marsh_default_task_finish">
		<text>Buena suerte stalker.</text>
	</string>

	<!-- ----------------------------------------------------------------------------------------- -->
	<!-- Cold (Clear Sky Honcho) Covert Agent Storyline Task -->

	<string id="drx_sl_mar_smart_terrain_base_stalker_leader_marsh_task_1_name">
		<text>Agente Encubierto</text>
	</string>
	<string id="drx_sl_mar_smart_terrain_base_stalker_leader_marsh_task_1_text">
		<text>Recupera los documentos que dej&#243; un agente de Cielo Despejado  y devu&#233;lvalos a Lebdev.</text>
	</string>
	<string id="drx_sl_mar_smart_terrain_base_stalker_leader_marsh_task_1_about">
		<text>Uno de mis agentes ha dejado algunos documentos para m&#237; en un punto de entrega sin marcar. Quiero que los recuperes por m&#237;. No dejes que nadie te siga. Si ves a alguien sigui&#233;ndote, m&#225;talo inmediatamente.</text>
	</string>
	<string id="drx_sl_mar_smart_terrain_base_stalker_leader_marsh_task_1_finish">
		<text>No te siguieron hasta aqu&#237;, &#191;verdad? Buen trabajo.</text>
	</string>

	<!-- ----------------------------------------------------------------------------------------- -->
	<!-- Cold (Clear Sky Honcho) Protect Clear Sky Base Storyline Task -->

	<string id="drx_sl_mar_smart_terrain_base_stalker_leader_marsh_task_2_name">
		<text>Proteger la Base de Cielo Despejado</text>
	</string>
	<string id="drx_sl_mar_smart_terrain_base_stalker_leader_marsh_task_2_text">
		<text>Elimina cualquier fuerza hostil en el &#225;rea para evitar que descubra la base de Cielo Despejado.</text>
	</string>
	<string id="drx_sl_mar_smart_terrain_base_stalker_leader_marsh_task_2_about">
		<text>Ha habido un aumento de actividad en el pantano. No puedo arriesgarme a que alguien se meta en nuestra base. Quiero que despejen el &#225;rea para que no entre nadie hostil a Cielo Despejado.</text>
	</string>
	<string id="drx_sl_mar_smart_terrain_base_stalker_leader_marsh_task_2_finish">
		<text>Bien hecho. Gracias stalker.</text>
	</string>

	<!-- ----------------------------------------------------------------------------------------- -->
	<!-- Cold (Clear Sky Honcho) Find Artefact Storyline Task -->

	<string id="drx_sl_mar_smart_terrain_base_stalker_leader_marsh_task_3_name">
		<text>Encuentra el artefacto %s para Cold</text>
	</string>
	<string id="drx_sl_mar_smart_terrain_base_stalker_leader_marsh_task_3_text">
		<text>Cold necesita el artefacto %s.</text>
	</string>
	<string id="drx_sl_mar_smart_terrain_base_stalker_leader_marsh_task_3_about">
		<text>Stalker, necesito que me traigas un artefacto.</text>
	</string>
	<string id="drx_sl_mar_smart_terrain_base_stalker_leader_marsh_task_3_fetch_about">
		<text>Encu&#233;ntrame un artefacto "%s". Debo conseguir uno para estudiarlo. Creo que hay propiedades que todav&#237;a no se han descubierto.</text>
	</string>
	<string id="drx_sl_mar_smart_terrain_base_stalker_leader_marsh_task_3_fetch_finish">
		<text>Ah, maravilloso, encontraste uno. Bien hecho.</text>
	</string>

	<!-- ----------------------------------------------------------------------------------------- -->
	<!-- Cold (Clear Sky Honcho) Search Agroprom Underground Storyline Task -->

	<string id="drx_sl_mar_smart_terrain_base_stalker_leader_marsh_task_4_name">
		<text>Buscar en el Subterr&#225;neo de Agroprom</text>
	</string>
	<string id="drx_sl_mar_smart_terrain_base_stalker_leader_marsh_task_4_text">
		<text>Los documentos militares robados est&#225;n escondidos en los t&#250;neles debajo de Agroprom. Encu&#233;ntralos y devuelveselos a Cold.</text>
	</string>
	<string id="drx_sl_mar_smart_terrain_base_stalker_leader_marsh_task_4_about">
		<text>Uno de nuestros agentes ha logrado capturar documentos importantes de las Fuerzas Armadas pero fue asesinado antes de que pudiera traerlos de regreso. Actualmente est&#225;n ocultos en los t&#250;neles debajo de Agroprom. Necesito que te infiltras encubiertamente en el &#225;rea y los encuentres antes que los militares. Regr&#233;salos aqu&#237; de inmediato cuando los hayas encontrado. Buena suerte para ti.</text>
	</string>
	<string id="drx_sl_mar_smart_terrain_base_stalker_leader_marsh_task_4_finish">
		<text>Excelente trabajo. Bien hecho.</text>
	</string>
	
	<!-- ----------------------------------------------------------------------------------------- -->
	<!-- Cold (Clear Sky Honcho) Blood Red Sky Storyline Task -->

	<string id="drx_sl_mar_smart_terrain_base_stalker_leader_marsh_task_5_name">
		<text>Cielo, Rojo Sangre</text>
	</string>
	<string id="drx_sl_mar_smart_terrain_base_stalker_leader_marsh_task_5_text">
		<text>Patear a los Renegados fuera de los pantanos.</text>
	</string>
	<string id="drx_sl_mar_smart_terrain_base_stalker_leader_marsh_task_5_about">
		<text>As&#237; que lo hiciste. Bien, estamos en un gran problema. Los Renegados est&#225;n acechando de nuevo los pantanos. Supongo que no somos los &#250;nicos que regresaron despu&#233;s de todos estos malditos a&#241;os. Un grupo de nuestros valientes guardias se unir&#225; a tu compa&#241;&#237;a, debemos luchar contra ellos. Buena suerte, stalker.</text>
	</string>
	<string id="drx_sl_mar_smart_terrain_base_stalker_leader_marsh_task_5_finish">
		<text>&#161;Ah, qu&#233; alivio! Eres un stalker muy valiente. Tienes mi agradecimiento.</text>
	</string>

	<!-- ----------------------------------------------------------------------------------------- -->
	<!-- Librarian (Clear Sky Trader) Default Storyline Task -->

	<string id="drx_sl_mar_base_stalker_barmen_default_task_name">
		<text>Obtener Siguiente Tarea</text>
	</string>
	<string id="drx_sl_mar_base_stalker_barmen_default_task_text">
		<text>Recibe tu pr&#243;xima tarea.</text>
	</string>
	<string id="drx_sl_mar_base_stalker_barmen_default_task_about">
		<text>Conozco a alguien que podr&#237;a usar tus servicios. Ve a verlo, es conocido por pagar bien.</text>
	</string>
	<string id="drx_sl_mar_base_stalker_barmen_default_task_finish">
		<text>Buena suerte stalker.</text>
	</string>

	<!-- ----------------------------------------------------------------------------------------- -->
	<!-- Librarian (Clear Sky Trader) Clear Out Mutant Lair Storyline Task -->

	<string id="drx_sl_mar_base_stalker_barmen_task_1_name">
		<text>Limpiar Guarida Mutante para Bibliotecario</text>
	</string>
	<string id="drx_sl_mar_base_stalker_barmen_task_1_text">
		<text>Bibliotecario sabe de una guarida mutante en el &#225;rea que le gustar&#237;a limpiar.</text>
	</string>
	<string id="drx_sl_mar_base_stalker_barmen_task_1_about">
		<text>Hay una guarida mutante no muy lejos de aqu&#237;. Ve a picarlos con un palo.</text>
	</string>
	<string id="drx_sl_mar_base_stalker_barmen_task_1_finish">
		<text>Je, buen trabajo. Aqu&#237; tienes algo, por las molestias.</text>
	</string>

	<!-- ----------------------------------------------------------------------------------------- -->
	<!-- Librarian (Clear Sky Trader) Procure Supplies Storyline Task -->

	<string id="drx_sl_mar_base_stalker_barmen_task_2_name">
		<text>Consigue %s para Cielo Despejado</text>
	</string>
	<string id="drx_sl_mar_base_stalker_barmen_task_2_text">
		<text>Bibliotecario me ha pedido que le traiga %s.</text>
	</string>
	<string id="drx_sl_mar_base_stalker_barmen_task_2_about">
		<text>Me vendr&#237;a bien tu ayuda. Las provisiones se est&#225;n agotando y no es f&#225;cil reabastecerse aqu&#237; abajo.</text>
	</string>
	<string id="drx_sl_mar_base_stalker_barmen_task_2_fetch_about">
		<text>Necesitamos %s.</text>
	</string>
	<string id="drx_sl_mar_base_stalker_barmen_task_2_finish">
		<text>Buen hombre, gracias.</text>
	</string>

	<!-- \\\\\\\\\\\\\\\\\\\\\\\\\\\\\\\\\\\\\\\\\\\\\\\\\\\\\\\\\\\\\\\\\\\\\\\\\\\\\\\\\\\\\\\\\ -->


	<!-- /////////////////////////////////////////////////////////////////////////////////////////////
	<!--
	<!-- CHANGE FACTIONS TASK TEXT  STRINGS
	<!--
	<!--	Modified by DoctorX
	<!--	for DoctorX Questlines 1.6
	<!--	October 14, 2016
	<!--
	<!-- ----------------------------------------------------------------------------------------- -->

	<!-- ----------------------------------------------------------------------------------------- -->
	<!-- Cold (Clear Sky Honcho) Payoff Change Factions Task -->

	<string id="drx_sl_mar_smart_terrain_base_stalker_leader_marsh_cf_task_1_name">
		<text>Iniciaci&#243;n de Cielo Despejado</text>
	</string>
	<string id="drx_sl_mar_smart_terrain_base_stalker_leader_marsh_cf_task_1_text">
		<text>Cold te acoger&#225; en Cielo Despejado por 10,000 RU.</text>
	</string>
	<string id="drx_sl_mar_smart_terrain_base_stalker_leader_marsh_cf_task_1_about">
		<text>S&#237;, te hemos estado observando... la cantidad justa de curiosos y aventureros. Ser&#225;s una buena opci&#243;n para Cielo Despejado. Sin embargo, insistimos en que cada iniciado pague una cuota de 15.000 RU. Esto ayuda a financiar nuestra investigaci&#243;n y a pagar por nuestra protecci&#243;n. &#191;Qu&#233; dices?</text>
	</string>
	<string id="drx_sl_mar_smart_terrain_base_stalker_leader_marsh_cf_task_1_finish">
		<text>Bien. Hay mucha investigaci&#243;n por hacer. Ve a ver d&#243;nde puedas ayudar.</text>
	</string>

	<!-- \\\\\\\\\\\\\\\\\\\\\\\\\\\\\\\\\\\\\\\\\\\\\\\\\\\\\\\\\\\\\\\\\\\\\\\\\\\\\\\\\\\\\\\\\ -->


	<!-- /////////////////////////////////////////////////////////////////////////////////////////////
	<!--
	<!-- DYNAMIC TASK TEXT  STRINGS
	<!--
	<!--	Modified by DoctorX
	<!--	for DoctorX Questlines 1.6
	<!--	October 07, 2016
	<!--
	<!-- ----------------------------------------------------------------------------------------- -->
	
	<!-- ----------------------------------------------------------------------------------------- -->
	<!-- Cold (Clear Sky Honcho) Decimate the Enemy Task -->
	
	<string id="mar_smart_terrain_base_stalker_leader_marsh_task_1_name">
		<text>Limpieza del Gran Pantano</text>
	</string>	
	<string id="mar_smart_terrain_base_stalker_leader_marsh_task_1_text">
		<text>Cold quiere arrancar de ra&#237;z a los enemigos de Cielo Despejado del Gran Pantano. Junta %s.</text>
	</string>		
	<string id="mar_smart_terrain_base_stalker_leader_marsh_task_1_about">
		<text>Al principio est&#225;bamos casi agradecidos de que los militares intervinieran en la limpieza contra los bandidos. Lamentablemente, m&#225;s tarde establecieron algunos puestos de avanzada permanentes en el norte. Sus patrullas tampoco son precisamente amigables con nuestros chicos, sin mencionar que hicieron un mal trabajo y hay un constante goteo de bandidos acosando nuestros puestos de avanzada. Mu&#233;strales de qu&#233; estamos hechos.</text>
	</string>		
	<string id="mar_smart_terrain_base_stalker_leader_marsh_task_1_fetch_about">
		<text>Al principio est&#225;bamos casi agradecidos de que los militares intervinieran en la limpieza contra los bandidos. Lamentablemente, m&#225;s tarde establecieron algunos puestos de avanzada permanentes en el norte. Sus patrullas tampoco son precisamente amigables con nuestros chicos, sin mencionar que hicieron un mal trabajo y hay un constante goteo de bandidos acosando nuestros puestos de avanzada. Mu&#233;strales de qu&#233; estamos hechos. Tr&#225;eme algunos %ses para probar que hiciste un buen trabajo.</text>
	</string>	
	<string id="mar_smart_terrain_base_stalker_leader_marsh_task_1_fetch_finish">
		<text>Aqu&#237; est&#225;, nuestro sicario profesional. Supongo que esos bastardos lo pensar&#225;n dos veces antes de atreverse a visitar nuestro pantano de nuevo. Eso espero. Aqu&#237; est&#225; tu recompensa, por cierto.</text>
	</string>
	
	<!-- ----------------------------------------------------------------------------------------- -->
	<!-- Cold (Clear Sky Honcho) Night Terror Task -->
	<string id="mar_smart_terrain_base_stalker_leader_marsh_task_2_name">
		<text>Terror Nocturno</text>
	</string>
	<string id="mar_smart_terrain_base_stalker_leader_marsh_task_2_text">
		<text>Cold quiere eliminar a un peligroso mutante que deambula no muy lejos de la Base Oculta.</text>
	</string>
	<string id="mar_smart_terrain_base_stalker_leader_marsh_task_2_about">
		<text>Los mutantes rara vez se acercan a nuestra base. Pero nuestros chicos informaron que la noche anterior una bestia gigante destroz&#243; a todo el equipo que ocupaba la torre de vigilancia al noroeste. Cuatro personas bien armadas mancharon todo el per&#237;metro. No eran perros, seguro. S&#233; que eres un tipo duro, as&#237; que tal vez podr&#237;as visitar el lugar y deshacerte de ese asqueroso cabr&#243;n.</text>
	</string>
	<string id="mar_smart_terrain_base_stalker_leader_marsh_task_2_finish">
		<text>&#161;Oye, gran trabajo, hombre! Espero que esta recompensa sea lo suficientemente buena para ti. Eso y las historias que la gente contar&#225;.</text>
	</string>
	
	<!-- ----------------------------------------------------------------------------------------- -->
	<!-- Cold (Clear Sky Honcho) FDefend the pump station Task -->

	<string id="mar_smart_terrain_base_stalker_leader_marsh_task_4_title">
		<text>Defender la estaci&#243;n de bombeo</text>
	</string>
	<string id="mar_smart_terrain_base_stalker_leader_marsh_task_4_descr">
		<text>Una de nuestras patrullas captur&#243; a unos bandidos follando en la estaci&#243;n de bombeo, despu&#233;s de una buena paliza confesaron que est&#225;n preparando un asalto. No sabemos cu&#225;ndo van a atacar, ya he enviado a algunos chicos all&#237; pero cualquier ayuda es bienvenida... y recompensada, por supuesto.</text>
	</string>
	
	<!-- ----------------------------------------------------------------------------------------- -->
	<!-- Kalancha (Clear Sky Medic) Lost to the Zone Tasks -->
	
	<string id="mar_smart_terrain_base_doctor_task_1_name">
		<text>Selecci&#243;n Innatural</text>
	</string>	
	<string id="mar_smart_terrain_base_doctor_task_1_text">
		<text>Recoge muestras de %s para el profesor Kalancha.</text>
	</string>		
	<string id="mar_smart_terrain_base_doctor_task_1_about">
		<text>Los mutantes de la Zona han mostrado numerosas adaptaciones peculiares a sus condiciones an&#243;malas. Por favor, recoge algunas muestras de tejido para mi investigaci&#243;n. Podr&#237;an ayudarnos a permanecer en este ambiente tambi&#233;n.</text>
	</string>		
	<string id="mar_smart_terrain_base_doctor_task_1_fetch_about">
		<text>Los mutantes de la Zona han mostrado numerosas adaptaciones peculiares a sus condiciones an&#243;malas. Por favor, recoge algunas muestras de tejido para mi investigaci&#243;n. Podr&#237;an ayudarnos a permanecer en este ambiente tambi&#233;n. Recolecta muestras de %s.</text>
	</string>	
	<string id="mar_smart_terrain_base_doctor_task_1_fetch_finish">
		<text>Las muestras est&#225;n en buen estado. Muy bien, me pondr&#233; a investigar de inmediato. Gracias.</text>
	</string>
	
	<string id="mar_smart_terrain_base_doctor_task_2_name">
		<text>Progreso Cient&#237;fico</text>
	</string>	
	<string id="mar_smart_terrain_base_doctor_task_2_text">
		<text>Encuentra un artefacto "%s" para el profesor Kalancha.</text>
	</string>		
	<string id="mar_smart_terrain_base_doctor_task_2_about">
		<text>Los artefactos pueden proporcionar datos invaluables para nuestra investigaci&#243;n. Sin embargo, con las muchas amenazas que enfrentamos, nuestros hombres no pueden permitirse el lujo de recolectarlos para m&#237; tan a menudo. &#191;Puedes ayudarme?</text>
	</string>		
	<string id="mar_smart_terrain_base_doctor_task_2_fetch_about">
		<text>Los artefactos pueden proporcionar datos invaluables para nuestra investigaci&#243;n. Sin embargo, con las muchas amenazas que enfrentamos, nuestros hombres no pueden permitirse el lujo de recolectarlos para m&#237; tan a menudo. &#191;Puedes ayudarme? Encuentra uno artefacto "%s".</text>
	</string>	
	<string id="mar_smart_terrain_base_doctor_task_2_fetch_finish">
		<text>Incluso despu&#233;s de todos estos a&#241;os no dejan de sorprenderme. Qu&#233; maravilloso esp&#233;cimen. Gracias por tu ayuda.</text>
	</string>
	
	<string id="mar_smart_terrain_base_doctor_task_3_name">
		<text>Suministros Escasos</text>
	</string>
	<string id="mar_smart_terrain_base_doctor_task_3_text">
		<text>El Profesor Kalancha requiere %s</text>
	</string>
	<string id="mar_smart_terrain_base_doctor_task_3_about">
		<text>Ver&#225;s, Spore hace lo mejor que puede para proveernos de suministros. Pero incluso despu&#233;s de todos estos a&#241;os todav&#237;a estamos en una situaci&#243;n dif&#237;cil. No hay escasez de heridos que tratar, pero nuestros suministros m&#233;dicos son limitados. Por favor, ay&#250;dame a reponer las reservas.</text>
	</string>
	<string id="mar_smart_terrain_base_doctor_task_3_fetch_about">
		<text>Ver&#225;s, Spore hace lo mejor que puede para proveernos de suministros. Pero incluso despu&#233;s de todos estos a&#241;os todav&#237;a estamos en una situaci&#243;n dif&#237;cil. No hay escasez de heridos que tratar, pero nuestros suministros m&#233;dicos son limitados. Por favor, ay&#250;dame a reponer las reservas. Consigue algunos %s, por favor.</text>
	</string>
	<string id="mar_smart_terrain_base_doctor_task_3_fetch_finish">
		<text>Todos estamos en deuda contigo por tu ayuda.</text>
	</string>
	
	<string id="mar_smart_terrain_base_doctor_task_5_name">
		<text>Encuentra %s para el Profesor Kalancha</text>
	</string>
	<string id="mar_smart_terrain_base_doctor_task_5_text">
		<text>El profesor Kalancha requiere %s para trabajar en los suministros m&#233;dicos. Deber&#237;as llev&#225;rselos si encuentras alguno.</text>
	</string>
	<string id="mar_smart_terrain_base_doctor_task_5_about">
		<text>Mantener lo que queda del almac&#233;n de suministros m&#233;dicos con este n&#250;mero de lesiones que tengo que tratar a diario es preocupante. Me voy a quedar sin vendas y sin medicamentos tarde o temprano. Necesito que me encuentres uno de esos viejos kits de medicamentos. Seguro que ser&#225;n &#250;tiles.</text>
	</string>
	<string id="mar_smart_terrain_base_doctor_task_5_fetch_about">
		<text>Lo hay. He estado buscando por todas partes un %s. Deber&#237;a contener algunas pastillas y ampollas que necesito para trabajar en los suministros m&#233;dicos. Te pagar&#233; por uno de esos kits si puedes traerme uno completo.</text>
	</string>
	<string id="mar_smart_terrain_base_doctor_task_5_fetch_finish">
		<text>&#161;Excelente trabajo! Te debo una stalker.</text>
	</string>

	<!-- ----------------------------------------------------------------------------------------- -->
	<!-- Spore (Clear Sky Trader) Deliver PDA Task -->

	<string id="mar_base_owl_stalker_trader_task_1_name">
		<text>Entregar PDA a Nimble</text>
	</string>
	<string id="mar_base_owl_stalker_trader_task_1_text">
		<text>Spore necesita que entregues un PDA encriptado a Nimble en Zaton.</text>
	</string>
	<string id="mar_base_owl_stalker_trader_task_1_about">
		<text>Bien, campe&#243;n. &#191;Necesitas trabajo? Esta PDA tiene que ser entregada a un tipo que anda por Zaton; su nombre es Nimble. Te compensar&#225; al entregarla. No la dejes caer en un charco o alguna tonter&#237;a como esa... o tendr&#233; tu culo para mi solo. Mientras est&#233;s all&#237;, mira lo que tiene para ofrecer; puede tener en sus manos un buen equipo... por un precio, claro.</text>
	</string>

	<!-- DESTROY HELICOPTER FOR SPORE TASK -->
	<string id="mar_base_owl_stalker_trader_task_2_name">
		<text>Destruir el helicoptero</text>
	</string>
	<string id="mar_base_owl_stalker_trader_task_2_text">
		<text>Spore est&#225; harto y quiere que destruyas el helic&#243;ptero. Te ofrecer&#225; un descuento si sigues adelante.</text>
	</string>
	<string id="mar_base_owl_stalker_trader_task_2_about">
		<text>Ese maldito helic&#243;ptero me est&#225; volviendo loco. &#161;Siento un terrible tinnitus, y cada vez que esa maldita cosa patrulla la frontera sur, me hace chillar los o&#237;dos! &#161;Me hace querer golpear a un beb&#233; de carne! Tira esa maldita cosa y te har&#233; un descuento, por favor, antes de que mate a alguien.</text>
	</string>

	<!-- ESCORT SCIENTISTS FOR CLEAR SKY TASK -->
	<string id="mar_base_owl_stalker_trader_task_3_name">
		<text>Acompa&#241;a a los Ecologistas</text>
	</string>
	<string id="mar_base_owl_stalker_trader_task_3_text">
		<text>Los cient&#237;ficos de Cielo Despejado te han contratado para guiarlos a un lugar espec&#237;fico para el estudio. Una vez que su investigaci&#243;n se haya realizado con &#233;xito, regr&#233;salos a salvo al campamento; donde se le compensar&#225;.</text>
	</string>
	<string id="mar_base_owl_stalker_trader_task_3_about">
		<text>Los cient&#237;ficos aqu&#237; en el campamento necesitan un stalker experimentado para llevarlos al campo de estudio. &#191;Est&#225;s preparado? Tu trabajo es mantenerlos vivos y guiarlos a su destino. Si fracasas tendr&#225;s una mala reputaci&#243;n por aqu&#237;.</text>
	</string>
	<string id="mar_base_owl_stalker_trader_task_3_finish">
		<text>Gracias stalker. Puede llevarte esto como pago por tus servicios.</text>
	</string>

	<!-- HUNT MUTANTS FOR CLEAR SKY TASK -->
	<string id="mar_base_stalker_barmen_task_1_name">
		<text>Zona limpia de mutantes</text>
	</string>
	<string id="mar_base_stalker_barmen_task_1_text">
		<text>Se han visto mutantes cerca de este lugar, lo que hace que la zona sea peligrosa para algunos de los habitantes. Se te ha encomendado eliminar la amenaza mutante en la zona. Reporta a Bibliotecario despu&#233;s de que el trabajo est&#233; hecho.</text>
	</string>
	<string id="mar_base_stalker_barmen_task_1_about">
		<text>&#191;Eres un &#225;vido cazador? Buscamos a alguien que mantenga los pantanos un poco m&#225;s seguros eliminando a los mutantes de las zonas que nuestra facci&#243;n frecuenta. &#191;Te gustar&#237;a el trabajo?</text>
	</string>
	<string id="mar_base_stalker_barmen_task_1_finish">
		<text>&#161;Fant&#225;stico! Aqu&#237; est&#225; tu pago. Me asegurar&#233; de que se corra la voz de que all&#237; es seguro de nuevo. Gracias stalker.</text>
	</string>

	<!-- ASSAULT BANDIT CAMP FOR CLEAR SKY TASK -->
	<string id="mar_base_stalker_barmen_task_2_name">
		<text>Asalto al campamento bandido</text>
	</string>
	<string id="mar_base_stalker_barmen_task_2_text">
		<text>Se te ha encomendado la tarea de eliminar la amenaza de bandidos dentro del &#225;rea. Informe a la bibliotecaria despu&#233;s de que el trabajo est&#233; terminado.</text>
	</string>
	<string id="mar_base_stalker_barmen_task_2_about">
		<text>Tenemos un gran problema con los bandidos en el &#225;rea. Esos matones asesinos han estado emboscando nuestros campamentos fuera de la base principal tratando de tomar el territorio. Nos impedir&#225; el paso por muchas rutas seguras a trav&#233;s de los pantanos mientras est&#233;n en la zona. Necesitamos un stalker experimentado que no tenga miedo de ensuciarse las manos. &#191;Nos ayudar&#225;s?</text>
	</string>
	<string id="mar_base_stalker_barmen_task_2_finish">
		<text>&#161;Fant&#225;stico! Aqu&#237; est&#225; tu pago. Me asegurar&#233; de que se corra la voz de que all&#237; es seguro de nuevo. Gracias stalker.</text>
	</string>

	<!-- FIND MUTANT MEAT FOR CLEAR SKY TASK -->
	<string id="mar_base_stalker_barmen_task_3_name">
		<text>Consigue %s</text>
	</string>
	<string id="mar_base_stalker_barmen_task_3_text">
		<text>Despelleja mutantes reci&#233;n muertos para recolectar carne de caza. Luego entrega %s a Bibliotecario en el campamento base de Cielo Despejado.</text>
	</string>
	<string id="mar_base_stalker_barmen_task_3_about">
		<text>Si eres bueno con el rifle y no le temes a unos pocos mutantes, entonces tengo un trabajo para ti. &#191;Est&#225;s interesado?</text>
	</string>
	<string id="mar_base_stalker_barmen_task_3_fetch_about">
		<text>Las raciones se est&#225;n agotando, y necesito mantener a todos en el campamento con el est&#243;mago lleno. Algunos de los chicos me traen uno o dos Carnes de vez en cuando. Pero ha estado lento &#250;ltimamente... As&#237; que si no est&#225;s muy ocupado y est&#225;s fuera, necesito %s. Corto y proceso la carne, aqu&#237; mismo en mi cocina. Ten en cuenta que el hecho de que los mutantes se molesten hace que la carne sea dura debido a la adrenalina. Adem&#225;s, cuanto menor sea el sangrado, mejor sabor tendr&#225; la carne. As&#237; que, ten cuidado con tus tiros, &#191;de acuerdo?</text>
	</string>
	<string id="mar_base_stalker_barmen_task_3_fetch_finish">
		<text>&#161;Genial, eres un buen cazador despu&#233;s de todo! Tengo tu pago.</text>
	</string>

	<!-- FIND LEVEL 1 TOOLS FOR NOVIKOV TASK -->
	<string id="mar_base_stalker_tech_task_1_name">
		<text>Encuentra %s para Novikov</text>
	</string>
	<string id="mar_base_stalker_tech_task_1_text">
		<text>Novikov requiere %s para instalar actualizaciones de equipos b&#225;sicos, llevaselo si encuentras alguno.</text>
	</string>
	<string id="mar_base_stalker_tech_task_1_about">
		<text>Es muy dif&#237;cil conseguir herramientas aqu&#237; en la Zona. Ser&#237;a capaz de realizar actualizaciones en una mayor variedad de equipos si puedo conseguir algunas herramientas nuevas. Si est&#225;s interesado, te dir&#233; lo que necesito.</text>
	</string>
	<string id="mar_base_stalker_tech_task_1_fetch_about">
		<text>Necesito un conjunto de herramientas b&#225;sicas. Deber&#237;a contener lo que necesito. Si puedes traerme algunas, te lo agradecer&#233;; incluso te har&#233; un descuento de aqu&#237; en adelante.</text>
	</string>
	<string id="mar_base_stalker_tech_task_1_fetch_finish">
		<text>&#161;Hombre, maravilloso! Aqu&#237;, d&#233;jame arrojarte algo de dinero.</text>
	</string>
	<!-- FIND LEVEL 2 TOOLS FOR NOVIKOV TASK -->
	<string id="mar_base_stalker_tech_task_2_name">
		<text>Encuentra %s para Novikov</text>
	</string>
	<string id="mar_base_stalker_tech_task_2_text">
		<text>Novikov requiere %s para instalar actualizaciones avanzadas de equipos, ll&#233;vaselos si encuentras alguno.</text>
	</string>
	<string id="mar_base_stalker_tech_task_2_about">
		<text>Me vendr&#237;an bien m&#225;s herramientas. Me trajiste una muy buena mierda la &#250;ltima vez, pero necesito un juego de mayor calidad. Si est&#225;s interesado, te dir&#233; lo que necesito.</text>
	</string>
	<string id="mar_base_stalker_tech_task_2_fetch_about">
		<text>Necesito un conjunto de herramientas avanzadas. Deber&#237;a contener lo que necesito. Si puedes traerme algunas, te lo agradecer&#233;; incluso te har&#233; un descuento de aqu&#237; en adelante.</text>
	</string>
	<string id="mar_base_stalker_tech_task_2_fetch_finish">
		<text>&#161;Hombre, maravilloso! &#161;Me ayudaste una vez m&#225;s.! Aqu&#237;, d&#233;jame arrojarte algo de dinero.</text>
	</string>
	<!-- FIND LEVEL 3 TOOLS FOR NOVIKOV TASK -->
	<string id="mar_base_stalker_tech_task_3_name">
		<text>Encuentra %s para Novikov</text>
	</string>
	<string id="mar_base_stalker_tech_task_3_text">
		<text>Novikov requiere %s para instalar actualizaciones de equipos expertos, llevaselo si encuentras alguno.</text>
	</string>
	<string id="mar_base_stalker_tech_task_3_about">
		<text>Me vendr&#237;an bien m&#225;s herramientas. Me trajiste una muy buena mierda la &#250;ltima vez, pero necesito un juego de mayor calidad. Si est&#225;s interesado, te dir&#233; lo que necesito.</text>
	</string>
	<string id="mar_base_stalker_tech_task_3_fetch_about">
		<text>Necesito un conjunto de herramientas expertas. Deber&#237;a contener lo que necesito. Si puedes traerme algunas, te lo agradecer&#233;; incluso te har&#233; un descuento de aqu&#237; en adelante.</text>
	</string>
	<string id="mar_base_stalker_tech_task_3_fetch_finish">
		<text>&#161;Hombre, maravilloso! &#161;Me ayudaste una vez m&#225;s.! Aqu&#237;, d&#233;jame arrojarte algo de dinero.</text>
	</string>

	<!-- ESCORT SCIENTISTS DIALOGS -->
	<string id="ecolog_companion_task_1_start_dialog_1">
		<text>&#191;Eres nuestro gu&#237;a? Voy a marcar la ubicaci&#243;n en tu PDA. Muestranos el camino y nosotros te seguiremos. Despu&#233;s de que completemos nuestro an&#225;lisis, esc&#250;penos de regreso de manera segura. H&#225;blame nuevamente cuando regresemos al campamento.</text>
	</string>
	<string id="ecolog_companion_task_1_start_dialog_2">
		<text>&#191;Si? Deber&#237;amos ponernos en movimiento. Cuanto m&#225;s esperemos, m&#225;s peligroso se vuelve.</text>
	</string>
	<string id="ecolog_companion_task_1_complete">
		<text>Gracias stalker. Hiciste bien tu trabajo. Aqu&#237; est&#225; tu pago.</text>
	</string>
	<string id="ecolog_companion_task_1_actor_reply">
		<text>Est&#225; bien.</text>
	</string>

		<!-- FIND SWAMP DOCTOR -->
	<string id="mar_doctor_task">
		<text>Misterios de la Zona</text>
	</string>
	<string id="mar_doctor_task_0">
		<text>Llegaste a la Zona buscando desentra&#241;ar sus misterios. Una cara familiar puede contener las respuestas que buscas.</text>
	</string>

	<!-- MARSH DOCTOR STASH IN PRIPYAT -->
	<string id="cit_doctor_task">
		<text>El Hotel Polissya</text>
	</string>
	<string id="cit_doctor_task_1">
		<text>La clave y las coordenadas que le dio el m&#233;dico indican que Strelok escondi&#243; un alijo en una habitaci&#243;n del Hotel Polissya en Pripyat.</text>
	</string>
	<string id="cit_doctor_task_2">
		<text>Has encontrado el hotel en las coordenadas que te dieron. Por aqu&#237; en alguna parte debe haber la habitaci&#243;n que coincida con la inscripci&#243;n en la llave.</text>
	</string>
	<string id="cit_doctor_task_3">
		<text>Unos pocos objetos dispersos est&#225;n llenos de basura en la habitaci&#243;n abandonada por Strelok. Deber&#237;an investigarse en busca de pistas.</text>
	</string>
	<!-- MARSH DOCTOR VISIT LABS -->
	<string id="st_main_1_search_agr_ug_name">
		<text>Investiga los Tuneles de Agroprom</text>
	</string>
	<string id="st_main_1_search_agr_ug_text">
		<text>Investiga los Tuneles de Agroprom y busca pruebas contundentes de una conspiraci&#243;n.</text>
	</string>
	<string id="st_main_2_search_labx18_name">
		<text>Investiga el Laboratorio X18</text>
	</string>
	<string id="st_main_2_search_labx18_text">
		<text>Investiga el Laboratorio X18 y busca pruebas contundentes de una conspiraci&#243;n.</text>
	</string>
	<string id="st_main_3_search_labx16_name">
		<text>Investiga el Laboratorio X16</text>
	</string>
	<string id="st_main_3_search_labx16_text">
		<text>Investiga el Laboratorio X16 y busca pruebas contundentes de una conspiraci&#243;n.</text>
	</string>
	<string id="st_main_4_search_labx10_name">
		<text>Investiga el Laboratorio X19</text>
	</string>
	<string id="st_main_4_search_labx10_text">
		<text>Investiga el Laboratorio X19 y busca pruebas contundentes de una conspiraci&#243;n.</text>
	</string>
	<string id="st_main_5_search_labx8_name">
		<text>Investiga el Laboratorio X8</text>
	</string>
	<string id="st_main_5_search_labx8_text">
		<text>Investiga el Laboratorio X8 y busca pruebas contundentes de una conspiraci&#243;n.</text>
	</string>
	<string id="st_main_6_search_jup_ug_name">
		<text>Investiga los Tuneles de J&#250;piter</text>
	</string>
	<string id="st_main_6_search_jup_ug_text">
		<text>Investiga los Tuneles de J&#250;piter y busca pruebas contundentes de una conspiraci&#243;n.</text>
	</string>
	<string id="st_main_7_search_mon_con_name">
		<text>Investiga la central Nuclear Chernobyl</text>
	</string>
	<string id="st_main_7_search_mon_con_text">
		<text>Investiga la central Nuclear Chernobyl y busca pruebas contundentes de una conspiraci&#243;n.</text>
	</string>
</string_table>
