<?xml version="1.0" encoding="windows-1251"?>

<!--===========================================================
<
< TEXT  STRINGS FOR TASKS ON AGROPROM MAP
<	CoC 1.4.10 - DoctorX Questlines 1.6
<
<	Modified by: DoctorX
<	Last revised: October 14, 2016
<
<===========================================================-->

<string_table>


	<!-- /////////////////////////////////////////////////////////////////////////////////////////////
	<!--
	<!-- STORYLINE TASK TEXT  STRINGS
	<!--
	<!--	Modified by DoctorX
	<!--	for DoctorX Questlines 1.6
	<!--	October 14, 2016
	<!--
	<!-- ----------------------------------------------------------------------------------------- -->

	<!-- ----------------------------------------------------------------------------------------- -->
	<!-- Kuznetsov (Military Honcho) Default Storyline Task -->

	<string id="drx_sl_agr_smart_terrain_1_6_near_2_military_colonel_kovalski_default_task_name">
		<text>Obtener Siguiente Tarea</text>
	</string>
	<string id="drx_sl_agr_smart_terrain_1_6_near_2_military_colonel_kovalski_default_task_text">
		<text>Debo recibir mi pr&#243;xima misi&#243;n.</text>
	</string>
	<string id="drx_sl_agr_smart_terrain_1_6_near_2_military_colonel_kovalski_default_task_about">
		<text>Necesito que informe a alguien en el campo. Marqu&#233; la direcci&#243;n en tu PDA.</text>
	</string>
	<string id="drx_sl_agr_smart_terrain_1_6_near_2_military_colonel_kovalski_default_task_finish">
		<text>Buena suerte stalker.</text>
	</string>

	<!-- ----------------------------------------------------------------------------------------- -->
	<!-- Kuznetsov (Military Honcho) Sniper Storyline Task -->

	<string id="drx_sl_agr_smart_terrain_1_6_near_2_military_colonel_kovalski_task_1_name">
		<text>Francotirador</text>
	</string>
	<string id="drx_sl_agr_smart_terrain_1_6_near_2_military_colonel_kovalski_task_1_text">
		<text>El coronel Kuznetsov me ha ordenado eliminar un objetivo a distancia.</text>
	</string>
	<string id="drx_sl_agr_smart_terrain_1_6_near_2_military_colonel_kovalski_task_1_about">
		<text>Tengo un objetivo de alto valor en la mira. No es f&#225;cil de encontrar, as&#237; que necesito a alguien que sea un tirador de precisi&#243;n de largo alcance extremadamente preciso.</text>
	</string>
	<string id="drx_sl_agr_smart_terrain_1_6_near_2_military_colonel_kovalski_task_1_finish">
		<text>Excelente punter&#237;a. Bien hecho.</text>
	</string>

	<!-- ----------------------------------------------------------------------------------------- -->
	<!-- Kuznetsov (Military Honcho) Assault Enemy Camp Storyline Task -->

	<string id="drx_sl_agr_smart_terrain_1_6_near_2_military_colonel_kovalski_task_2_name">
		<text>Asalto a Campamento Enemigo</text>
	</string>
	<string id="drx_sl_agr_smart_terrain_1_6_near_2_military_colonel_kovalski_task_2_text">
		<text>Liderar&#233; a mi escuadr&#243;n en el asalto a un campamento enemigo.</text>
	</string>
	<string id="drx_sl_agr_smart_terrain_1_6_near_2_military_colonel_kovalski_task_2_about">
		<text>Estamos preparando un asalto a un campamento enemigo. Para esta ocasi&#243;n, me he asegurado de que todos tengan nuevas armas. En cuanto a ti, necesito que est&#233;s en el punto de ataque inicial.</text>
	</string>
	<string id="drx_sl_agr_smart_terrain_1_6_near_2_military_colonel_kovalski_task_2_finish">
		<text>Excelente trabajo. Eres un bueno en combate.</text>
	</string>

	<!-- ----------------------------------------------------------------------------------------- -->
	<!-- Kuznetsov (Military Honcho) Defend Military Base Storyline Task -->

	<string id="drx_sl_agr_smart_terrain_1_6_near_2_military_colonel_kovalski_task_3_name">
		<text>Defender la Base Militar</text>
	</string>
	<string id="drx_sl_agr_smart_terrain_1_6_near_2_military_colonel_kovalski_task_3_text">
		<text>Debo defender la base Militar contra un asalto enemigo.</text>
	</string>
	<string id="drx_sl_agr_smart_terrain_1_6_near_2_military_colonel_kovalski_task_3_about">
		<text>Se han visto fuerzas enemigas en la zona. Tengo razones para sospechar que est&#225;n planeando un asalto a nuestra base. Lleva a tu escuadr&#243;n y establece contacto. Neutraliza la amenaza.</text>
	</string>
	<string id="drx_sl_agr_smart_terrain_1_6_near_2_military_colonel_kovalski_task_3_finish">
		<text>Excelente trabajo. Bien hecho.</text>
	</string>
	
	<!-- ----------------------------------------------------------------------------------------- -->
	<!-- Kuznetsov (Military Honcho) Save the Military Agent Storyline Task -->

	<string id="drx_sl_agr_smart_terrain_1_6_near_2_military_colonel_kovalski_task_4_name">
		<text>En El Servicio Secreto de Ucrania</text>
	</string>
	<string id="drx_sl_agr_smart_terrain_1_6_near_2_military_colonel_kovalski_task_4_text">
		<text>Un agente encubierto necesita ser extra&#237;do de una facci&#243;n enemiga. Necesitar&#233; eliminar a los otros miembros del escuadr&#243;n y escoltarlo de vuelta a la base. El esp&#237;a tiene un SVD.</text>
	</string>
	<string id="drx_sl_agr_smart_terrain_1_6_near_2_military_colonel_kovalski_task_4_about">
		<text>Tenemos un agente encubierto en una facci&#243;n enemiga, sin embargo tememos que est&#225; en aprietos, se perdi&#243; los &#250;ltimos contactos y no ha dejado m&#225;s mensajes. Probablemente est&#225; siendo vigilado, as&#237; que no puede permitirse hacer nada m&#225;s que seguirles la corriente, pero pueden decidir deshacerse de &#233;l sin esperar a tener pruebas; tenemos que sacarlo de all&#237;. Lo hemos localizado cerca pero est&#225; con otros stalkers, hay que matarlos y escoltarlo de vuelta. Puedes reconocerlo por su rifle, un SVD, tendr&#225; que dispararte cuando ataques al grupo, as&#237; que tenlo en cuenta.</text>
	</string>
	<string id="drx_sl_agr_smart_terrain_1_6_near_2_military_colonel_kovalski_task_4_finish">
		<text>Excelente, har&#233; que se presente de inmediato.</text>
	</string>
	<string id="drx_sl_agr_smart_terrain_1_6_near_2_military_colonel_kovalski_task_4_msg_join">
		<text>&#161;Deja de disparar! &#161;Yo soy el esp&#237;a! Lo siento, pero ten&#237;a que hacer esto en caso de que tuvieras mala suerte. Volvamos a la base ahora.</text>
	</string>
	<string id="drx_sl_agr_smart_terrain_1_6_near_2_military_colonel_kovalski_task_4_msg_leave">
		<text>Aqu&#237; es donde nos separamos, &#161;nos vemos pronto!</text>
	</string>

	<!-- ----------------------------------------------------------------------------------------- -->
	<!-- Kirilov (Military Mechanic) Default Storyline Task -->

	<string id="drx_sl_agr_smart_terrain_1_6_army_mechanic_stalker_default_task_name">
		<text>Obtener Siguiente Tarea</text>
	</string>
	<string id="drx_sl_agr_smart_terrain_1_6_army_mechanic_stalker_default_task_text">
		<text>Deber&#237;a ir a recibir mi pr&#243;xima misi&#243;n.</text>
	</string>
	<string id="drx_sl_agr_smart_terrain_1_6_army_mechanic_stalker_default_task_about">
		<text>Uno de nuestros aliados necesita nuestra ayuda. Reportate con &#233;l y vea qu&#233; ayuda puede brindar.</text>
	</string>
	<string id="drx_sl_agr_smart_terrain_1_6_army_mechanic_stalker_default_task_finish">
		<text>Buena suerte ah&#237; fuera, novato.</text>
	</string>

	<!-- ----------------------------------------------------------------------------------------- -->
	<!-- Kirilov (Military Mechanic) Battle Plans Storyline Task -->

	<string id="drx_sl_agr_smart_terrain_1_6_army_mechanic_stalker_task_1_name">
		<text>Planes de Batalla</text>
	</string>
	<string id="drx_sl_agr_smart_terrain_1_6_army_mechanic_stalker_task_1_text">
		<text>El teniente Kirilov ha descubierto la ubicaci&#243;n de los planes de batalla enemigos y los necesita capturados.</text>
	</string>
	<string id="drx_sl_agr_smart_terrain_1_6_army_mechanic_stalker_task_1_about">
		<text>Un informante ha revelado la ubicaci&#243;n de los planos estrategicos del enemigo. Necesito que te infiltres en el &#225;rea y los recuperes.</text>
	</string>
	<string id="drx_sl_agr_smart_terrain_1_6_army_mechanic_stalker_task_1_finish">
		<text>&#161;Bien hecho! Has salvado muchas vidas con esto.</text>
	</string>

	<!-- ----------------------------------------------------------------------------------------- -->
	<!-- Kirilov (Military Mechanic) Patrol Local Area Storyline Task -->

	<string id="drx_sl_agr_smart_terrain_1_6_army_mechanic_stalker_task_2_name">
		<text>Patrulla el &#193;rea</text>
	</string>
	<string id="drx_sl_agr_smart_terrain_1_6_army_mechanic_stalker_task_2_text">
		<text>Patrulle el &#225;rea alrededor de Agoroprom.</text>
	</string>
	<string id="drx_sl_agr_smart_terrain_1_6_army_mechanic_stalker_task_2_about">
		<text>Es tu turno de patrullar en Deber. Patrulle el &#225;rea y est&#233; atento a cualquier personal no autorizado.</text>
	</string>
	<string id="drx_sl_agr_smart_terrain_1_6_army_mechanic_stalker_task_2_finish">
		<text>Buen trabajo. El comandante estar&#225; encantado.</text>
	</string>

	<!-- \\\\\\\\\\\\\\\\\\\\\\\\\\\\\\\\\\\\\\\\\\\\\\\\\\\\\\\\\\\\\\\\\\\\\\\\\\\\\\\\\\\\\\\\\ -->


	<!-- /////////////////////////////////////////////////////////////////////////////////////////////
	<!--
	<!-- CHANGE FACTIONS TASK TEXT  STRINGS
	<!--
	<!--	Modified by DoctorX
	<!--	for DoctorX Questlines 1.6
	<!--	October 14, 2016
	<!--
	<!-- ----------------------------------------------------------------------------------------- -->

	<!-- ----------------------------------------------------------------------------------------- -->
	<!-- Kuznetsov (Military Honcho) Payoff Change Factions Task -->

	<string id="drx_sl_agr_smart_terrain_1_6_near_2_military_colonel_kovalski_cf_task_1_name">
		<text>Convirtiendote en un Stalker Militar</text>
	</string>
	<string id="drx_sl_agr_smart_terrain_1_6_near_2_military_colonel_kovalski_cf_task_1_text">
		<text>El coronel Kuznetsov me ha pedido que le lleve 8.000 RU como demostraci&#243;n de mi ingenio.</text>
	</string>
	<string id="drx_sl_agr_smart_terrain_1_6_near_2_military_colonel_kovalski_cf_task_1_about">
		<text>&#161;Ah, es bueno ver algo de orgullo nacional entre la juventud de hoy! Veamos... bueno, est&#225;s demasiado irradiado para pasar el examen f&#237;sico para el alistamiento... supongo que en vez de eso estabas pensando en ser comisionado como Stalker Militar, &#191;eh? No dejamos entrar a cualquiera, ya sabes. Primero trae 8.000 RU como prueba de tu habilidad para sobrevivir aqu&#237;, y luego podemos hablar seriamente de esto.</text>
	</string>
	<string id="drx_sl_agr_smart_terrain_1_6_near_2_military_colonel_kovalski_cf_task_1_finish">
		<text>Mmmm, y as&#237; es. Has salido con vida en situacions donde las tropas normales habr&#237;an muerto. Considerese reclutado, soldado. Aseg&#250;rate de mantener tu nariz limpia ah&#237; fuera.</text>
	</string>

	<!-- \\\\\\\\\\\\\\\\\\\\\\\\\\\\\\\\\\\\\\\\\\\\\\\\\\\\\\\\\\\\\\\\\\\\\\\\\\\\\\\\\\\\\\\\\ -->


	<!-- /////////////////////////////////////////////////////////////////////////////////////////////
	<!--
	<!-- DYNAMIC TASK TEXT  STRINGS
	<!--
	<!--	Modified by DoctorX
	<!--	for DoctorX Questlines 1.6
	<!--	October 14, 2016
	<!--
	<!-- ----------------------------------------------------------------------------------------- -->

	<!-- ----------------------------------------------------------------------------------------- -->
	<!-- Kuznetsov (Military Honcho) Stop Unauthorized Incursions Task -->

	<string id="agr_smart_terrain_1_6_near_2_military_colonel_kovalski_task_1_name">
		<text>Bajo la alfombra</text>
	</string>
	<string id="agr_smart_terrain_1_6_near_2_military_colonel_kovalski_task_1_text">
		<text>El coronel Kuznetsov me ha pedido que acabe con un grupo de stalkers en el lugar marcado.</text>
	</string>
	<string id="agr_smart_terrain_1_6_near_2_military_colonel_kovalski_task_1_about">
		<text>Hay un asunto delicado. La presencia de ilegales cerca de nuestra base no es ventajosa para nuestras futuras operaciones. La tarea es la siguiente: todo el personal autorizado o las fuerzas de Deber que se encuentren en el lugar marcado pueden ser liberados, pero por otra parte todos los presentes deben ser eliminados, sin importar los acuerdos que crean tener con nosotros. &#191;Entiende? </text>
	</string>
	<string id="agr_smart_terrain_1_6_near_2_military_colonel_kovalski_task_1_finish">
		<text>Un gran trabajo. Sigue as&#237;, y estar&#225;s en la cola para una menci&#243;n de honor.</text>
	</string>

	<!-- ----------------------------------------------------------------------------------------- -->
	<!-- Kuznetsov (Military Honcho) Capture Territory Task -->

	<string id="agr_smart_terrain_1_6_near_2_military_colonel_kovalski_task_2_name">
		<text>Del Castigo de los Compa&#241;eros</text>
	</string>
	<string id="agr_smart_terrain_1_6_near_2_military_colonel_kovalski_task_2_text">
		<text>Los Militares me han ordenado tomar represalias contra un sitio donde los Ecologistas fueron atacados.</text>
	</string>
	<string id="agr_smart_terrain_1_6_near_2_military_colonel_kovalski_task_2_about">
		<text>&#218;ltimamente, ha habido un aumento de las actividades de acecho ilegal en la Zona. Uno de esos grupos criminales ha atacado a algunos de nuestros cient&#237;ficos. Los individuos que perpetraron este despreciable acto pueden haber desaparecido, pero habr&#225; un castigo de todos modos. Ve a la escena del ataque, y aplica la ley marcial a cualquier stalker que acampe all&#237;. </text>
	</string>
	<string id="agr_smart_terrain_1_6_near_2_military_colonel_kovalski_task_2_finish">
		<text>&#191;La tarea est&#225; hecha? Buen trabajo. Tal vez ahora lo piensen dos veces antes de interferir en los asuntos de nuestros civiles.</text>
	</string>

	<!-- ----------------------------------------------------------------------------------------- -->
	<!-- Kuznetsov (Military Honcho) Capture Enemy Combatant Task -->

	<string id="agr_smart_terrain_1_6_near_2_military_colonel_kovalski_task_3_name">
		<text>Justicia Marcial</text>
	</string>
	<string id="agr_smart_terrain_1_6_near_2_military_colonel_kovalski_task_3_text">
		<text>La Zona es un refugio popular para todo tipo de escoria y villan&#237;a. El Coronel Kuznetsov ha se&#241;alado un objetivo para que yo lo ejecute.</text>
	</string>
	<string id="agr_smart_terrain_1_6_near_2_military_colonel_kovalski_task_3_about">
		<text>La SSU me proporciona una lista de sus objetivos m&#225;s buscados. Algunos de ellos son conocidos esp&#237;as o t&#225;cticos enemigos. Otros - me averg&#252;enza decirlo - son desertores, insectos deshonrosos que han abandonado a sus compa&#241;eros de armas. Y otros a&#250;n son poco m&#225;s que escoria com&#250;n, criminales del mundo exterior que huyeron a la Zona para escapar de la justicia. El crimen exacto cometido no importa. Lo que importa es que uno de esos objetivos se ha hecho vulnerable. Si est&#225;s dispuesto a ser su verdugo, puedes esperar una bonificaci&#243;n en tu pr&#243;xima paga. </text>
	</string>
	<string id="agr_smart_terrain_1_6_near_2_military_colonel_kovalski_task_3_finish">
		<text>&#161;Un trabajo excepcional! Los ministros de Asuntos Internos estar&#225;n encantados.</text>
	</string>

	<!-- ----------------------------------------------------------------------------------------- -->
	<!-- Kuznetsov (Military Honcho) Tight Security Task -->
	<string id="agr_smart_terrain_1_6_near_2_military_colonel_kovalski_task_4_name">
		<text>Estricta Seguridad</text>
	</string>
	<string id="agr_smart_terrain_1_6_near_2_military_colonel_kovalski_task_4_text">
		<text>El Coronel Kuznetsov est&#225; haciendo una competencia para mantener a sus tropas en forma. Puedo participar recogiendo %s, que luego puedo entregar por una recompensa.</text>
	</string>
	<string id="agr_smart_terrain_1_6_near_2_military_colonel_kovalski_task_4_about">
		<text>Algunos de mis amigos de los altos mandos han lanzado un programa no oficial, &#191;te gustar&#237;a participar? Se trata de poner a dormir a una escoria de stalkers.</text>
	</string>
	<string id="agr_smart_terrain_1_6_near_2_military_colonel_kovalski_task_4_fetch_about">
		<text>Algunos de mis amigos de los altos mandos han lanzado un programa no oficial. El trabajo de guardia se vuelve aburrido a medida que los meses se convierten en a&#241;os. As&#237; que, para mantener a todos alerta, los hombres ser&#225;n enviados a patrullar m&#225;s a menudo, y el primer escuadr&#243;n de cada pelot&#243;n que regrese con suficientes %ses tendr&#225; derecho a una recompensa. Si est&#225;s interesado, eres m&#225;s que bienvenido a participar t&#250; mismo.</text>
	</string>
	<string id="agr_smart_terrain_1_6_near_2_military_colonel_kovalski_task_4_fetch_finish">
		<text>Hm, d&#233;jame contar los parches... bien hecho, soldado. Te has ganado este premio.</text>
	</string>
	
	<string id="agr_smart_terrain_1_6_near_2_military_colonel_kovalski_task_5_name">
		<text>Recopilar Informes de Expedici&#243;n</text>
	</string>
	<string id="agr_smart_terrain_1_6_near_2_military_colonel_kovalski_task_5_text">
		<text>El coronel Kuznetsov me ha encargado que lleve algunos informes misteriosos a la base.</text>
	</string>
	<string id="agr_smart_terrain_1_6_near_2_military_colonel_kovalski_task_5_about">
		<text>Nuestro contacto en Cordon nos ha enviado informaci&#243;n vital sobre la actividad de los stalkers en los alrededores. Necesitar&#225;n proceder a la ubicaci&#243;n del dep&#243;sito secreto que destacar&#233; en tu PDA, extrae los documentos que encuentres dentro, y luego informa de inmediato. No es un trabajo magn&#237;fico, pero es una comisi&#243;n decente para un riesgo m&#237;nimo. </text>
	</string>
	<string id="agr_smart_terrain_1_6_near_2_military_colonel_kovalski_task_5_finish">
		<text>Excelente trabajo, soldado. Si miraste el contenido, espero por tu bien que no vayas a contarle a nadie m&#225;s.</text>
	</string>
	
	<!-- \\\\\\\\\\\\\\\\\\\\\\\\\\\\\\\\\\\\\\\\\\\\\\\\\\\\\\\\\\\\\\\\\\\\\\\\\\\\\\\\\\\\\\\\\ -->


	<!-- /////////////////////////////////////////////////////////////////////////////////////////////
	<!--
	<!-- MECHANIC TASK TEXT  STRINGS
	<!--
	<!--	Modified by DoctorX
	<!--	for DoctorX Questlines 1.6
	<!--	October 06, 2016
	<!--
	<!-- ----------------------------------------------------------------------------------------- -->

	<!-- ----------------------------------------------------------------------------------------- -->
	<!-- Kirilov (Military Mechanic) Find Level 1 Toolkit Task -->

	<string id="agr_smart_terrain_1_6_army_mechanic_stalker_task_1_name">
		<text>Encuentra %s para el Teniente Kirilov</text>
	</string>
	<string id="agr_smart_terrain_1_6_army_mechanic_stalker_task_1_text">
		<text>El teniente Kirilov necesita %s para instalar mejoras en el equipo b&#225;sico y ampliar sus existencias. Deber&#237;a devolv&#233;rselas si encuentro alguna.</text>
	</string>
	<string id="agr_smart_terrain_1_6_army_mechanic_stalker_task_1_about">
		<text>La SSU recientemente requis&#243; las herramientas de la base para sus propios fines, y necesitamos reemplazos. Mientras esperamos la log&#237;stica, el Coronel se est&#225; impacientando. As&#237; que mientras &#233;l los presiona, estoy autorizado a recompensar a cualquiera que encuentre herramientas rudimentarias mientras patrulla. As&#237; que, &#191;mantendr&#225;s un ojo abierto para algunos?</text>
	</string>
	<string id="agr_smart_terrain_1_6_army_mechanic_stalker_task_1_fetch_about">
		<text>Brillante. Lo que necesitamos ahora mismo es un simple juego de herramientas. S&#243;lo algunas b&#225;sicas, &#191;entiendes? Los kits m&#225;s avanzados no son una prioridad hasta entonces. Buena caza.</text>
	</string>
	<string id="agr_smart_terrain_1_6_army_mechanic_stalker_task_1_fetch_finish">
		<text>Muy bien, d&#233;jame ver. S&#237;, est&#225; bien. Esto servir&#225;. Aqu&#237; est&#225; tu recompensa. Puedes considerarte elegible para mejoras b&#225;sicas en tu equipo, tambi&#233;n.</text>
	</string>



	<string id="agr_smart_terrain_1_6_army_mechanic_stalker_task_2_name">
		<text>Encuentra %s para el Teniente Kirilov</text>
	</string>
	<string id="agr_smart_terrain_1_6_army_mechanic_stalker_task_2_text">
		<text>El teniente Kirilov necesita %s para instalar mejoras de equipo avanzado, as&#237; como para ampliar sus existencias. Deber&#237;a devolv&#233;rselas si encuentro alguna.</text>
	</string>
	<string id="agr_smart_terrain_1_6_army_mechanic_stalker_task_2_about">
		<text>Tengo suficientes herramientas para dar a nuestros reclutas la ventaja que necesitan, pero los Spetsnaz son un poco m&#225;s exigentes. As&#237; que, todav&#237;a necesito herramientas, esta vez, un kit avanzado. Nada menos, &#191;entiendes? Como antes, hay una compensaci&#243;n justa para cualquiera que pueda recuperar tal kit de herramientas y traerlo a la base.</text>
	</string>
	<string id="agr_smart_terrain_1_6_army_mechanic_stalker_task_2_fetch_about">
		<text>Eso es lo que me gusta o&#237;r, soldado. &#191;Le gustar&#237;a asegurarse de que su equipo est&#225; en buen estado antes de irse?</text>
	</string>
	<string id="agr_smart_terrain_1_6_army_mechanic_stalker_task_2_fetch_finish">
		<text>&#191;Ya? Bien. D&#233;jame echar un vistazo. Muy bien, esto servir&#225; muy bien. Te has ganado un bono. Aqu&#237; - t&#243;malo.</text>
	</string>



	<string id="agr_smart_terrain_1_6_army_mechanic_stalker_task_3_name">
		<text>Encuentra %s para el Teniente Kirilov</text>
	</string>
	<string id="agr_smart_terrain_1_6_army_mechanic_stalker_task_3_text">
		<text>El teniente Kirilov necesita %s para instalar mejoras de equipo experto, as&#237; como para ampliar sus existencias. Deber&#237;a devolv&#233;rselas si encuentro alguna.</text>
	</string>
	<string id="agr_smart_terrain_1_6_army_mechanic_stalker_task_3_about">
		<text>El cuartel general casi tiene un complemento completo de herramientas ahora. Sin embargo, algunos de los equipos menos ortodoxos, como los que usan nuestros stalkers militares, requerir&#225;n herramientas a&#250;n m&#225;s avanzadas para sacarles el m&#225;ximo provecho. Lo que necesito ahora son herramientas expertas para el trabajo de calibraci&#243;n. Has sido una persona confiable hasta ahora, as&#237; que s&#233; que puedo confiar en ti para buscarlas. &#191;Lo har&#225;s?</text>
	</string>
	<string id="agr_smart_terrain_1_6_army_mechanic_stalker_task_3_fetch_about">
		<text>Bien, sab&#237;a que no me defraudar&#237;as en esto. Vuelve con las herramientas, e incluso te dar&#233; algunas lecciones b&#225;sicas de mantenimiento de campo, asumiendo que otro mec&#225;nico no te haya ense&#241;ado todav&#237;a. Buena caza ah&#237; fuera, camarada.</text>
	</string>
	<string id="agr_smart_terrain_1_6_army_mechanic_stalker_task_3_fetch_finish">
		<text>Tal vez cuando le muestre esto al Coronel, finalmente sonreir&#225;. Los stalkers no sabr&#225;n qu&#233; los golpe&#243; cuando llegue el momento. Si encuentras m&#225;s herramientas, aseg&#250;rate de visitar nuestro puesto de control en Cordon o el laboratorio m&#243;vil en Yantar - lo &#250;ltimo que o&#237; es que los t&#233;cnicos de all&#237; necesitan m&#225;s herramientas ellos mismos.</text>
	</string>


<!-- (Military Medic) -->
	<string id="agr_1_6_medic_army_mlr_task_1_name">
		<text>Encuentra %s para el Teniente Rogovets</text>
	</string>
	<string id="agr_1_6_medic_army_mlr_task_1_text">
		<text>El teniente Rogovets requiere %s para ampliar su selecci&#243;n de suministros m&#233;dicos. Deber&#237;a devolv&#233;rselos si encuentro alguno.</text>
	</string>
	<string id="agr_1_6_medic_army_mlr_task_1_about">
		<text>Estamos cortos de suministros m&#233;dicos y nuestro pr&#243;ximo p&#225;jaro no pasar&#225; por aqu&#237; pronto. Sin embargo, escuch&#233; que algunos stalkers y comerciantes comenzaron a contrabandear esos kits de drogas en la Zona. Seguro que ser&#225;n &#250;tiles. &#191;Me ayudar&#225;s?</text>
	</string>
	<string id="agr_1_6_medic_army_mlr_task_1_fetch_about">
		<text>Lo hay. Aunque puedo tratar bien a los hombres de la base, mi capacidad para mantenerlos abastecidos mientras est&#225;n en el campo es limitada. As&#237; que, he estado tratando de requisar un %s. Me permitir&#225; preparar la medicina para casi cualquier amenaza o lesi&#243;n potencial que un soldado pueda encontrar mientras patrulla. Cada segundo podr&#237;a salvar una vida, as&#237; que mi propuesta es esta: si encuentras un equipo decente, te pagar&#233; de mi propia cartera por &#233;l, sin complicaciones. S&#243;lo tr&#225;eme uno tan pronto como puedas. </text>
	</string>
	<string id="agr_1_6_medic_army_mlr_task_1_fetch_finish">
		<text>&#191;Te las arreglaste para encontrar un equipo decente? D&#233;jame ver. Oh, wow. Esto ser&#225; bueno. Espero que la tasa de supervivencia de nuestras patrullas aumente dram&#225;ticamente a partir de hoy. </text>
	</string>
</string_table>
