<?xml version="1.0" encoding="windows-1251"?>
<string_table>
	<string id="Btn_Cancel">
		<text>Cancelar</text>
	</string>
	<string id="Btn_No">
		<text>No</text>
	</string>
	<string id="Btn_OK">
		<text>OK</text>
	</string>
	<string id="Btn_Yes">
		<text>Si</text>
	</string>
	<string id="global_map">
		<text>Mapa de la Zona</text>
	</string>
	<string id="mm_mp_pda_hunt">
		<text>Bonificaci&#243;n PDA</text>
	</string>
	<string id="mp_only_one_voting">
		<text>Solo se permite un voto activo.</text>
	</string>
	<string id="st_game">
		<text>Juego</text>
	</string>
	<string id="st_item_used">
		<text>Usado</text>
	</string>
	<string id="st_level">
		<text>Nivel</text>
	</string>
	<string id="st_loading_ai_objects">
		<text>Cargando objetos de IA</text>
	</string>
	<string id="st_loading_alife_simulator">
		<text>Servidor: Cargar simulador A-Life</text>
	</string>
	<string id="st_loading_cform">
		<text>Cargando CFORM</text>
	</string>
	<string id="st_loading_details">
		<text>Detalles de carga</text>
	</string>
	<string id="st_loading_geometry">
		<text>Cargando geometr&#237;a</text>
	</string>
	<string id="st_loading_saved_game">
		<text>Cargando juego guardado</text>
	</string>
	<string id="st_loading_sectors_portals">
		<text>Cargando sectores y portales</text>
	</string>
	<string id="st_loading_shaders">
		<text>Cargando sombras</text>
	</string>
	<string id="st_loading_spatial_db">
		<text>Cargando DB espacial</text>
	</string>
	<string id="st_loading_textures">
		<text>Cargando texturas</text>
	</string>
	<string id="st_mp_direct_ip">
		<text>IP directa</text>
	</string>
	<string id="st_no_active_task">
		<text>Ninguna tarea activa</text>
	</string>
	<string id="st_not_enough_money">
		<text>Dinero insuficiente</text>
	</string>
	<string id="st_not_enough_money_npc">
		<text>El NPC no tiene suficiente dinero</text>
	</string>
	<string id="st_opening_stream">
		<text>Flujo de apertura</text>
	</string>
	<string id="st_prefetching_objects">
		<text>Prebuscar objetos</text>
	</string>
	<string id="st_rubles">
		<text>rublos.</text>
	</string>
	<string id="st_server_connecting">
		<text>SERVIDOR:</text>
	</string>
	<string id="st_server_starting">
		<text>SERVIDOR:</text>
	</string>
	<string id="st_validating_cdkey">
		<text>Validar la clave del CD</text>
	</string>
	<string id="st_video">
		<text>Video</text>
	</string>
	<string id="ui_inv_repair">
		<text>reparar</text>
	</string>
	<string id="ui_st_cant_run_r2">
		<text>No puedes inicar Render 2 en tu PC</text>
	</string>
	<string id="ui_st_conn_cdkey_disabled">
		<text>Error de conexi&#243;n: su clave de CD est&#225; desactivada. Contacta al servicio al cliente.</text>
	</string>
	<string id="ui_st_conn_cdkey_in_use">
		<text>Error de conexi&#243;n: CD-Key ya est&#225; en uso.</text>
	</string>
	<string id="ui_st_conn_cdkey_invalid">
		<text>Error de conexi&#243;n: clave de CD no v&#225;lida.</text>
	</string>
	<string id="ui_st_conn_invalid_host">
		<text>Error de conexi&#243;n: host no v&#225;lido</text>
	</string>
	<string id="ui_st_conn_invalid_pass">
		<text>Error de conexi&#243;n: contrase&#241;a invalida</text>
	</string>
	<string id="ui_st_conn_new_patch">
		<text>Un nuevo parche est&#225; disponible.\n Versi&#243;n: %s\n Ubicaci&#243;n: %s\n&#191;Quieres descargarlo ahora?</text>
	</string>
	<string id="ui_st_conn_no_new_patch">
		<text>No hay nuevos parches actualmente disponibles</text>
	</string>
	<string id="ui_st_conn_rejected_server">
		<text>Error de conexi&#243;n: conexi&#243;n rechazada por el servidor</text>
	</string>
	<string id="ui_st_conn_sess_full">
		<text>Error de conexi&#243;n: servidor lleno</text>
	</string>
	<string id="ui_st_conn_version_differs">
		<text>Error de conexi&#243;n: versi&#243;n diferente.</text>
	</string>
	<string id="ui_st_connecting_to_masterserver">
		<text>Conectando al servidor maestro</text>
	</string>
	<string id="ui_st_days">
		<text>Dias</text>
	</string>
	<string id="ui_st_error">
		<text>Error</text>
	</string>
	<string id="ui_st_error_loading">
		<text>Error de carga</text>
	</string>
	<string id="ui_st_file_exist_owerwrite_q">
		<text>Ya existe un archivo con el mismo nombre. &#191;Deseas suscribirlo?</text>
	</string>
	<string id="ui_st_file_name_is_empty">
		<text>El nombre del archivo est&#225; vac&#237;o</text>
	</string>
	<string id="ui_st_hours">
		<text>Horas</text>
	</string>
	<string id="ui_st_kicked_by_battleye">
		<text>Fue desconectado por el sistema de protecci&#243;n BattleEye:</text>
	</string>
	<string id="ui_st_kicked_by_server">
		<text>Desconectado. Raz&#243;n:</text>
	</string>
	<string id="ui_st_leave">
		<text>Salir</text>
	</string>
	<string id="ui_st_load_game_confirm">
		<text>Cargar este juego puede causar que pierdas tu progreso m&#225;s reciente. &#191;Quieres proceder?</text>
	</string>
	<string id="ui_st_mins">
		<text>min</text>
	</string>
	<string id="ui_st_months">
		<text>meses</text>
	</string>
	<string id="ui_st_opponent_items">
		<text>Mochila</text>
	</string>
	<string id="ui_st_params">
		<text>Par&#225;metros</text>
	</string>
	<string id="ui_st_patch_download_error">
		<text>No se pudo descargar el parche.</text>
	</string>
	<string id="ui_st_patch_download_success">
		<text>Parche descargado con exito. &#191;Quieres instalarlo?</text>
	</string>
	<string id="ui_st_price">
		<text>Precio</text>
	</string>
	<string id="ui_st_secs">
		<text>seg</text>
	</string>
	<string id="mp_si_sec">
		<text>seg</text>
	</string>
	<string id="ui_st_select_one_map">
		<text>Por favor, seleccione al menos un mapa</text>
	</string>
	<string id="ui_st_time_remains">
		<text>Restante</text>
	</string>
	<string id="ui_st_voting_disabled">
		<text>El voto fall&#243;</text>
	</string>
	<string id="ui_st_want_to_leave_game_q">
		<text>&#191;De verdad quieres dejar el juego?</text>
	</string>
	<string id="st_key_notbinded">
		<text>...</text>
	</string>
	<string id="st_save_uni_travel_generic">
		<text>movi&#233;ndose dentro de un &#225;rea</text>
	</string>
	<string id="st_travel_lost">
		<text>Aun no conozco el camino.</text>
	</string>
	<string id="st_level_changer_descr">
		<text>&#191;Mover %s?</text>
	</string>
	<string id="st_future_maps_descr">
		<text>No puedes ir alli.</text>
	</string>
	<string id="st_save_uni_travel_zat_to_jup">
		<text>moviendose desde Zaton a Yanov</text>
	</string>
	<string id="st_save_uni_travel_zat_to_pri">
		<text>pasar de Zaton a Pripyat</text>
	</string>
	<string id="st_save_uni_travel_jup_to_zat">
		<text>pasar de Yanov a Zaton</text>
	</string>
	<string id="st_save_uni_travel_jup_to_pri">
		<text>pasar de Yanov a Pripyat</text>
	</string>
	<string id="st_save_uni_travel_pri_to_zat">
		<text>pasar de Pripyat a Zaton</text>
	</string>
	<string id="st_save_uni_travel_pri_to_jup">
		<text>moviendose desde Pripyat a Yanov</text>
	</string>
	<string id="st_save_uni_pri_to_labx8">
		<text>moviendose desde Pripyat a X8</text>
	</string>
	<string id="st_save_uni_labx8_to_pri">
		<text>moviendose desde X8 a Pripyat</text>
	</string>
	<string id="st_save_uni_surge_start">
		<text>emisi&#243;n</text>
	</string>
	<string id="st_save_zat_a1_game_start">
		<text>comienzo del juego</text>
	</string>
	<string id="st_save_zat_a2_reached_skadovsk">
		<text>llegada al Skadovsk</text>
	</string>
	<string id="st_save_jup_b9_searched_heli_1">
		<text>Stingray 1 examinado</text>
	</string>
	<string id="st_save_zat_b100_searched_heli_2">
		<text>Stingray 2 examinado</text>
	</string>
	<string id="st_save_zat_b28_searched_heli_3">
		<text>Stingray 3 examinado</text>
	</string>
	<string id="st_save_jup_b8_searched_heli_4">
		<text>Stingray 4 examinado</text>
	</string>
	<string id="st_save_zat_b101_searched_heli_5">
		<text>Stingray 5 examinado</text>
	</string>
	<string id="st_save_zat_b18_noah_showed_teleport">
		<text>llegar a la meseta</text>
	</string>
	<string id="st_save_jup_b217_arrived_to_jup">
		<text>llegada a Yanov</text>
	</string>
	<string id="st_save_jup_a9_got_underpass_docs">
		<text>camino a Pripyat encontrado</text>
	</string>
	<string id="st_save_jup_b15_drunk_with_zulu">
		<text>Zulu se une al escuadr&#243;n</text>
	</string>
	<string id="st_save_jup_a10_gonna_return_debt">
		<text>La deuda de Vano pagada</text>
	</string>
	<string id="st_save_jup_b218_vano_in_squad">
		<text>Vano se une al escuadr&#243;n</text>
	</string>
	<string id="st_save_jup_b206_got_anomalous_plant">
		<text>planta an&#243;mala recolectada</text>
	</string>
	<string id="st_save_jup_b218_sokolov_in_squad">
		<text>Sokolov se une al escuadr&#243;n</text>
	</string>
	<string id="st_save_jup_b218_strider_in_squad">
		<text>Strider se une al escuadr&#243;n</text>
	</string>
	<string id="st_save_jup_b218_travel_jup_to_pas">
		<text>escuadr&#243;n ensamblado</text>
	</string>
	<string id="st_save_pas_b400_underpass_start">
		<text>llegada en el paso inferior</text>
	</string>
	<string id="st_save_uni_travel_pas_to_pri">
		<text>llegada a Pripyat</text>
	</string>
	<string id="st_save_pri_a16_arrived_to_pri">
		<text>fuerzas militares ubicadas</text>
	</string>
	<string id="st_save_pri_a17_hospital_start">
		<text>arma no identificada capturada</text>
	</string>
	<string id="st_save_pri_a20_found_dead_recon">
		<text>escuadr&#243;n de reconocimiento encontrado</text>
	</string>
	<string id="st_save_pri_a18_met_reinforcement">
		<text>refuerzos arrivados</text>
	</string>
	<string id="st_save_pri_a18_searched_antenna">
		<text>'Antena' examinada</text>
	</string>
	<string id="st_save_pri_a21_approached_mad_sentry">
		<text>el centinela perdido encontrado</text>
	</string>
	<string id="st_save_pri_a21_killed_controller">
		<text>controlador cerca del centinela asesinado</text>
	</string>
	<string id="st_save_zat_a23_entered_test_center">
		<text>taller de prueba accedido</text>
	</string>
	<string id="st_save_zat_a23_got_gauss_docs">
		<text>Documentaci&#243;n del rifle Gauss encontrada</text>
	</string>
	<string id="st_save_pri_a22_found_dead_squad">
		<text>luchador muerto encontrado</text>
	</string>
	<string id="st_save_pri_a25_gonna_place_explosive">
		<text>entrada al jard&#237;n de infantes</text>
	</string>
	<string id="st_save_pri_a25_freed_medic">
		<text>m&#233;dico militar rescatado</text>
	</string>
	<string id="st_save_pri_a28_talked_with_ssu">
		<text>comunicaciones establecidas con HQ</text>
	</string>
	<string id="st_save_pri_a28_evacutaion_start">
		<text>La evacuaci&#243;n de Pripyat inici&#243;</text>
	</string>
	<string id="st_save_pri_a28_evacuation_end">
		<text>helic&#243;pteros de evacuaci&#243;n alcanzados</text>
	</string>
	<string id="st_save_uni_zone_to_reality">
		<text>evacuaci&#243;n completa</text>
	</string>
	<string id="st_save_jup_b209_placed_mutant_scanner">
		<text>detector de mutantes</text>
	</string>
	<string id="st_save_jup_a12_gave_artefact_for_hostage">
		<text>rescate pagado por reh&#233;n</text>
	</string>
	<string id="st_save_jup_a12_met_with_liberators">
		<text>reh&#233;n liberado</text>
	</string>
	<string id="st_save_jup_b6_arrived_to_ash_heap">
		<text>Mediciones de la anomal&#237;a de Ash Heap</text>
	</string>
	<string id="st_save_jup_b6_arrived_to_fen">
		<text>Medidas de anomal&#237;a Plavni</text>
	</string>
	<string id="st_save_zat_b38_met_with_grouse">
		<text>guarida de chupasangres</text>
	</string>
	<string id="st_save_jup_b19_arrived_to_kopachy">
		<text>enviado a Kopachy</text>
	</string>
	<string id="st_save_zat_b40_warned_by_mercs">
		<text>acercar a la estaci&#243;n de procesamiento de desechos</text>
	</string>
	<string id="st_save_zat_b7_met_with_robbers">
		<text>golpe stalker</text>
	</string>
	<string id="st_save_zat_b33_got_container">
		<text>contenedor encontrado en alijo</text>
	</string>
	<string id="st_save_zat_b106_arrived_to_chimera_lair">
		<text>cazando la quimera</text>
	</string>
	<string id="st_save_jup_b16_passed_labyrinth">
		<text>Oasis encontrado</text>
	</string>
	<string id="st_save_pri_b35_ready_to_snipe">
		<text>Operaci&#243;n "Un Disparo" iniciada</text>
	</string>
	<string id="st_save_jup_b1_entered_railroad_tunnel">
		<text>buscar la fuente de emisiones psiquicas</text>
	</string>
	<string id="st_save_jup_b47_got_admin_docs">
		<text>documentos administrativos</text>
	</string>
	<string id="st_save_zat_b103_warned_by_mercs">
		<text>aproxim&#225;ndose al taller de la subestaci&#243;n</text>
	</string>
	<string id="st_save_zat_b5_met_with_others">
		<text>trato por la estaci&#243;n ranger</text>
	</string>
	<string id="st_save_jup_b207_arrived_to_duty_depot">
		<text>Almac&#233;n Deber</text>
	</string>
	<string id="st_save_zat_b14_got_altered_wheel">
		<text>encontrada fuente de resplandor extra&#241;o</text>
	</string>
	<string id="st_save_pri_b301_arrived_to_help_zulu">
		<text>Zulu encontrado</text>
	</string>
	<string id="st_save_zat_b42_arrived_to_controler_lair">
		<text>cueva peligrosa</text>
	</string>
	<string id="ui_st_upgrade">
		<text>Reparaci&#243;nes/modificaciones</text>
	</string>
	<string id="ui_st_trade">
		<text>Comerciar</text>
	</string>
	<string id="ui_st_exit_hint">
		<text>Cerrar ventana ($$ACTION_USE$$)</text>
	</string>
	<string id="ui_st_trade_hint">
		<text>Abrir ventana de comercio ($$ACTION_SPRINT_TOGGLE$$)</text>
	</string>
	<string id="ui_st_upgrade_hint">
		<text>Abrir ventana de reparacion y modificaciones ($$ACTION_SPRINT_TOGGLE$$)</text>
	</string>
	<string id="st_save_pri_a28_evacuation_heli">
		<text>despegue de helic&#243;ptero de evacuaci&#243;n</text>
	</string>
	<string id="st_hold_then_release">
		<text>Sujetar y soltar</text>
	</string>
	<string id="st_set_companion_to_stealth_state">
		<text>Sigilo</text>
	</string>
	<string id="st_sleep">
		<text>Dormir</text>
	</string>
	<string id="st_ui_save">
		<text>guardar</text>
	</string>
	
	
	<!-- Miscellaneous -->
	<string id="st_ui_selected">
		<text>Seleccionado</text>
	</string>
	<string id="st_ui_arts">
		<text>Artefactos</text>
	</string>
	<string id="st_ui_remove_art">
		<text>Obtener artefacto</text>
	</string>
	<string id="st_ui_place_art">
		<text>Poner artefacto</text>
	</string>
	<string id="st_body_loot">
		<text>Desmembrar cuerpo</text>
	</string>
	<string id="st_body_kick">
		<text>Quitar</text>
	</string>
	<string id="st_invalid_position">
		<text>La posici&#243;n no est&#225; en el mapa de la IA</text>
	</string>
	<string id="st_cfm">
		<text>El uso del kit de cocina s&#243;lo es posible cerca de una fogata encendida.</text>
	</string>
	<string id="st_full_charge">
		<text>Bateria cargada al maximo</text>
	</string>
	<string id="st_charging">
		<text>Carga actual:</text>
	</string>
	<string id="st_rad_level">
		<text>Nivel de radiaci&#243;n</text>
	</string>
	<string id="st_dont_has_knife">
		<text>Obten un cuchillo</text>
	</string>

	<string id="st_repair_mod_message_box_ask">
		<text>Est&#225;s seguro que te gustar&#237;a reparar %s?\n \n%c[255,1,255,1]+%s%</text>
	</string>
	<string id="st_repair_mod_message_box_condition_to_low">
		<text>El art&#237;culo no se puede reparar con estas herramientas.</text>
	</string>
	<string id="st_repair_mod_message_box_condition_to_high">
		<text>Estas herramientas no son suficientes para reparar m&#225;s este art&#237;culo.</text>
	</string>
	
	<string id="st_trx_input_symbols">
		<text>1234567890</text>
	</string>
	<!-- valid symbols only -->
    <string id="st_trx_output_symbols">
		<text>1234567890</text>
	</string>
	<string id="st_trx_input_symbols_full">
		<text>1234567890abcdefghijklmnopqrstuvwxyzABCDEFGHIJKLMNOPQRSTUVWXYZ_-.</text>
	</string>
	<!-- valid symbols only -->
    <string id="st_trx_output_symbols_full">
		<text>1234567890abcdefghijklmnopqrstuvwxyzABCDEFGHIJKLMNOPQRSTUVWXYZ_-.</text>
	</string>
	
	<!-- Unused -->
	<string id="selfroll_making">
		<text>Estoy enrollando las hojas, no tardar&#233; mucho.</text>
	</string>
	<string id="sleepbag_making">
		<text>Coser este saco de dormir llevar&#225; un tiempo.</text>
	</string>
	<string id="backpack_making">
		<text>Hacer esta mochila llevar&#225; un tiempo.</text>
	</string>
	<string id="ammo12x70_making">
		<text>Estoy haciendo los cartuchos, podr&#237;a tomar tiempo. </text>
	</string>
	<string id="selfroll_making_end">
		<text>El rollo est&#225; listo.</text>
	</string>
	<string id="sleepbag_making_end">
		<text>La bolsa de dormir est&#225; lista.</text>
	</string>
	<string id="backpack_making_end">
		<text>La mochila est&#225; lista.</text>
	</string>
	<string id="ammo12x70_making_end">
		<text>Los cartulos est&#225;n listos.</text>
	</string>
	
	<!-- New RC18 -->
	<string id="st_fast_travel_discovered">
		<text> descubierto</text>
	</string>
</string_table>
