<?xml version="1.0" encoding="windows-1251" ?>
<string_table>
	<!-- Fast Travel Names -->
	<string id="st_pda_fast_travel_to">
		<text>Viaje r&#225;pido a</text>
	</string>
	<string id="agr_smart_terrain_1_2">
		<text>Pantano</text>
	</string>
	<string id="agr_smart_terrain_1_6">
		<text>Instituto de Investigacion</text>
	</string>
	<string id="agr_smart_terrain_4_4">
		<text>Fabrica</text>
	</string>
	<string id="agr_smart_terrain_6_4">
		<text>Campamento en el Tunel</text>
	</string>

	<string id="mil_smart_terrain_2_2">
		<text>Campamento Mercenario</text>
	</string>
	<string id="mil_smart_terrain_2_4">
		<text>Granja</text>
	</string>
	<string id="mil_smart_terrain_2_6">
		<text>Helic&#243;ptero Derribado</text>
	</string>
	<string id="mil_smart_terrain_2_10">
		<text>Villa Chupasangre</text>
	</string>
	<string id="mil_smart_terrain_3_8">
		<text>La Barrera</text>
	</string>
	<string id="mil_smart_terrain_7_4">
		<text>Puesto Avanzado Deber </text>
	</string>
	<string id="mil_smart_terrain_7_12">
		<text>Base de Libertad</text>
	</string>

	<string id="aes_smart_terrain_monolit_blockpost4">
		<text>Bloqueo Monolito</text>
	</string>
	<string id="aes2_monolith_snipers_2">
		<text>Area de Patrullaje Monolito</text>
	</string>

	<string id="esc_smart_terrain_2_12">
		<text>Campamento de Novatos</text>
	</string>
	<string id="esc_smart_terrain_3_16">
		<text>Puesto Militar</text>
	</string>
	<string id="esc_smart_terrain_5_2">
		<text>Puesto de Control Militar</text>
	</string>
	<string id="esc_smart_terrain_5_7">
		<text>Granja del Norte</text>
	</string>
	<string id="esc_smart_terrain_5_9">
		<text>Molino</text>
	</string>
	<string id="esc_smart_terrain_6_6">
		<text>Granja Abandonada</text>
	</string>
	<string id="esc_smart_terrain_6_8">
		<text>Puente Ferrocarril</text>
	</string>
	<string id="esc_smart_terrain_7_11">
		<text>Estacion de Vehiculos</text>
	</string>

	<string id="ds2_lager_st">
		<text>Campamento Bajo el Acantilado</text>
	</string>
	<string id="ds_kem2">
		<text>Gasolinera Abandonada</text>
	</string>
	<string id="ds_ptr">
		<text>Cruce de Ferrocarril</text>
	</string>
	<string id="ds2_domik_st">
		<text>Granja Abandonada</text>
	</string>

	<string id="val_smart_terrain_1_2">
		<text>Detr&#225;s del Complejo del Laboratorio X-18</text>
	</string>
	<string id="val_smart_terrain_4_0">
		<text>Granja Porcina Abandonada</text>
	</string>
	<string id="val_smart_terrain_7_4">
		<text>Base Bandida</text>
	</string>
	<string id="val_smart_terrain_7_8">
		<text>Lago Contaminado Norte</text>
	</string>
	<string id="val_smart_terrain_8_9">
		<text>Lago Contaminado Sur</text>
	</string>

	<string id="cit_killers">
		<text>Campamento Mercenario</text>
	</string>
	<string id="cit_bandits">
		<text>Jardin de Infantes Ciudad Muerta</text>
	</string>
	<string id="cit_bandits_2">
		<text>Pueblo de la Ciudad Muerta</text>
	</string>

	<string id="katacomb_smart_terrain">
		<text>Hospital Abandonado</text>
	</string>

	<string id="gar_smart_terrain_3_5">
		<text>Hangar de Trenes</text>
	</string>
	<string id="gar_smart_terrain_3_7">
		<text>Cementerio de Veh&#237;culos</text>
	</string>
	<string id="gar_smart_terrain_6_3">
		<text>Mercado de Pulgas</text>
	</string>

	<string id="gen_smart_terrain_cemetery">
		<text>Cementerio</text>
	</string>
	<string id="gen_smart_terrain_lab_entrance">
		<text>Estrada al Laboratorio de Guerra</text>
	</string>
	<string id="gen_smart_terrain_lab_entrance_2">
		<text>Laboratorio Abandonado</text>
	</string>

	<string id="mar_smart_terrain_base">
		<text>Base Cielo Despejado</text>
	</string>
	<string id="mar_smart_terrain_doc">
		<text>Tunel Tuzla</text>
	</string>
	<string id="mar_smart_terrain_doc_2">
		<text>Puesto de Guardia</text>
	</string>
	<string id="mar_smart_terrain_3_3">
		<text>Campamento Tuzla</text>
	</string>
	<string id="mar_smart_terrain_4_5">
		<text>Ruinas de Aldea</text>
	</string>
	<string id="mar_smart_terrain_5_8">
		<text>Estacion de Bombeo</text>
	</string>
	<string id="mar_smart_terrain_5_12">
		<text>Aldea de Pescadores</text>
	</string>
	<string id="mar_smart_terrain_8_8">
		<text>Alquer&#237;a Quemada</text>
	</string>
	<string id="mar_smart_terrain_8_11">
		<text>Vieja Iglesia</text>
	</string>
	<string id="mar_smart_terrain_10_5">
		<text>Patio de M&#225;quinas</text>
	</string>
	<string id="mar_smart_terrain_11_11">
		<text>Parte Sur de la Granja</text>
	</string>
	<string id="mar_smart_terrain_12_2">
		<text>Parte Norte de la Granja</text>
	</string>

	<string id="jup_a12">
		<text>Almac&#233;n de Contenedores</text>
	</string>
	<string id="jup_b204">
		<text>Campamento Industrial Bandido</text>
	</string>
	<string id="jup_a6">
		<text>Estaci&#243;n Yanov</text>
	</string>
	<string id="jup_b200">
		<text>F&#225;brica de Cemento</text>
	</string>
	<string id="jup_b19">
		<text>Villa Kopachy</text>
	</string>
	<string id="jup_b41">
		<text>Laboratorio de Ciencias Mobil</text>
	</string>

	<string id="lim_smart_terrain_1">
		<text>Fogata a la Entrada del Bosque Rojo</text>
	</string>
	<string id="lim_smart_terrain_3">
		<text>Restaurante </text>
	</string>
	<string id="lim_smart_terrain_6">
		<text>Puesto en el Puente</text>
	</string>
	<string id="lim_smart_terrain_9">
		<text>Sitio de Construcci&#243;n</text>
	</string>
	<string id="lim_smart_terrain_10">
		<text>Instituto de Ondas Radiales</text>
	</string>

	<string id="pri_a16">
		<text>Lavander&#237;a</text>
	</string>
	<string id="pri_a21_smart_terrain">
		<text>Supermercado</text>
	</string>
	<string id="pri_a28_school">
		<text>Colegio</text>
	</string>
	<string id="pri_b36_smart_terrain">
		<text>Puerto Fluvial</text>
	</string>

	<string id="pri_smart_monolith_stalker6">
		<text>Estadio de Pripyat</text>
	</string>
	<string id="pri_smart_pseudodog_lair1">
		<text>Noria</text>
	</string>
	<string id="pri_smart_tushkano_lair1">
		<text>Hotel Polissya</text>
	</string>
	<string id="pri_monolith">
		<text>Base Monolita</text>
	</string>
	<string id="pri_smart_neutral_stalker1">
		<text>Entrada a la Carretera</text>
	</string>

	<string id="rad_antenna_patrol">
		<text>Cauterizador Cerebral (Entrada Lab X-19)</text>
	</string>
	<string id="rad2_loner_0001">
		<text>Parada de Autob&#250;s</text>
	</string>
	<string id="rad2_prip_teleport">
		<text>Tunel Pripyat</text>
	</string>
	<string id="rad_entrance">
		<text>Punto de Control de Entrada a la Barrera</text>
	</string>

	<string id="red_smart_terrain_3_2">
		<text>Vieja Mina</text>
	</string>
	<string id="red_smart_terrain_4_2">
		<text>Complejo Minero</text>
	</string>
	<string id="red_smart_terrain_6_3">
		<text>Campamento Devilish</text>
	</string>
	<string id="red_smart_terrain_bridge">
		<text>Puente a Limansk</text>
	</string>

	<string id="bar_visitors">
		<text>Bar 100 Rads</text>
	</string>
	<string id="bar_dolg_general">
		<text>Base Deber</text>
	</string>

	<string id="ros_smart_poltergeist2">
		<text>Almacen de Trenes</text>
	</string>
	<string id="ros_smart_stalker_killers1">
		<text>Campamento Mercenario</text>
	</string>
	<string id="ros_smart_killers1">
		<text>Meseta Francotirador Mercenario</text>
	</string>

	<string id="trc_sim_1">
		<text>Base Sur</text>
	</string>
	<string id="trc_sim_3">
		<text>Base Este</text>
	</string>
	<string id="trc_sim_4">
		<text>Base Sureste</text>
	</string>
	<string id="trc_sim_7">
		<text>Base Este</text>
	</string>
	<string id="trc_sim_10">
		<text>Base Suroeste</text>
	</string>
	<string id="trc_sim_17">
		<text>Base Norte</text>
	</string>
	<string id="trc_sim_20">
		<text>Base Noreste</text>
	</string>

	<string id="yan_smart_terrain_3_6">
		<text>Base Inferior Este</text>
	</string>
	<string id="yan_smart_terrain_6_4">
		<text>Laboratorio de Ciencias Mobil</text>
	</string>

	<string id="zat_stalker_base_smart">
		<text>Skadovsk</text>
	</string>
	<string id="zat_b5_smart_terrain">
		<text>Estaci&#243;n de Guardabosques</text>
	</string>
	<string id="zat_b40_smart_terrain">
		<text>Estaci&#243;n de Procesamiento de Residuos</text>
	</string>
	<string id="zat_b100">
		<text>Anomal&#237;a del Bosque de Hierro</text>
	</string>
	<string id="zat_b101">
		<text>Campamento de la Tuber&#237;a del Aserradero</text>
	</string>
</string_table>
